global_count	feature	feature_type	label
3	-1, 1:'s	-1,y:U[0]	-1, 1
1	-1, 1:Confidence	-1,y:U[0]	-1, 1
1	-1, 1:July	-1,y:U[0]	-1, 1
2	-1, 1:Nigel	-1,y:U[0]	-1, 1
1	-1, 1:September	-1,y:U[0]	-1, 1
5	-1, 1:a	-1,y:U[0]	-1, 1
1	-1, 1:another	-1,y:U[0]	-1, 1
1	-1, 1:release	-1,y:U[0]	-1, 1
2	-1, 1:sterling	-1,y:U[0]	-1, 1
5	-1, 1:the	-1,y:U[0]	-1, 1
1	-1, 1:tomorrow	-1,y:U[0]	-1, 1
1	-1, 1:trade	-1,y:U[0]	-1, 1
2	-1, 2:for	-1,y:U[0]	-1, 2
1	-1, 2:from	-1,y:U[0]	-1, 2
3	-1, 2:in	-1,y:U[0]	-1, 2
2	-1, 2:of	-1,y:U[0]	-1, 2
2	-1, 2:over	-1,y:U[0]	-1, 2
2	-1, 2:to	-1,y:U[0]	-1, 2
1	-1, 3:August	-1,y:U[0]	-1, 3
2	-1, 3:Exchequer	-1,y:U[0]	-1, 3
2	-1, 3:Lawson	-1,y:U[0]	-1, 3
1	-1, 3:and	-1,y:U[0]	-1, 3
2	-1, 3:commitment	-1,y:U[0]	-1, 3
1	-1, 3:deficits	-1,y:U[0]	-1, 3
1	-1, 3:dive	-1,y:U[0]	-1, 3
1	-1, 3:figures	-1,y:U[0]	-1, 3
2	-1, 3:firm	-1,y:U[0]	-1, 3
2	-1, 3:freefall	-1,y:U[0]	-1, 3
1	-1, 3:improvement	-1,y:U[0]	-1, 3
2	-1, 3:monetary	-1,y:U[0]	-1, 3
1	-1, 3:near-record	-1,y:U[0]	-1, 3
2	-1, 3:past	-1,y:U[0]	-1, 3
2	-1, 3:policy	-1,y:U[0]	-1, 3
1	-1, 3:pound	-1,y:U[0]	-1, 3
2	-1, 3:restated	-1,y:U[0]	-1, 3
1	-1, 3:sharp	-1,y:U[0]	-1, 3
1	-1, 3:substantial	-1,y:U[0]	-1, 3
2	-1, 3:week	-1,y:U[0]	-1, 3
1	-1, 4:fail	-1,y:U[0]	-1, 4
2	-1, 4:has	-1,y:U[0]	-1, 4
1	-1, 4:is	-1,y:U[0]	-1, 4
1	-1, 5:expected	-1,y:U[0]	-1, 5
2	-1, 5:helped	-1,y:U[0]	-1, 5
2	-1, 5:prevent	-1,y:U[0]	-1, 5
1	-1, 5:show	-1,y:U[0]	-1, 5
1	-1, 5:take	-1,y:U[0]	-1, 5
4	-1, 5:to	-1,y:U[0]	-1, 5
1	-1, 5:widely	-1,y:U[0]	-1, 5
1	-1, 6:if	-1,y:U[0]	-1, 6
2	-1, 7:,	-1,y:U[0]	-1, 7
3	-1, 7:.	-1,y:U[0]	-1, 7
2	-1, 7:Chancellor	-1,y:U[0]	-1, 7
1	-1, 8:due	-1,y:U[0]	-1, 8
1	0, 1:Confidence	prev_y,y:U[0]	0, 1
2	0, 7:Chancellor	prev_y,y:U[0]	0, 7
1	1, 1:tomorrow	prev_y,y:U[0]	1, 1
1	1, 2:in	prev_y,y:U[0]	1, 2
2	1, 2:over	prev_y,y:U[0]	1, 2
2	1, 3:Exchequer	prev_y,y:U[0]	1, 3
2	1, 3:Lawson	prev_y,y:U[0]	1, 3
1	1, 3:and	prev_y,y:U[0]	1, 3
1	1, 3:figures	prev_y,y:U[0]	1, 3
2	1, 3:firm	prev_y,y:U[0]	1, 3
2	1, 3:freefall	prev_y,y:U[0]	1, 3
1	1, 3:near-record	prev_y,y:U[0]	1, 3
2	1, 3:past	prev_y,y:U[0]	1, 3
1	1, 3:pound	prev_y,y:U[0]	1, 3
2	1, 3:restated	prev_y,y:U[0]	1, 3
1	1, 3:sharp	prev_y,y:U[0]	1, 3
1	1, 3:substantial	prev_y,y:U[0]	1, 3
2	1, 7:,	prev_y,y:U[0]	1, 7
1	2, 1:July	prev_y,y:U[0]	2, 1
1	2, 1:September	prev_y,y:U[0]	2, 1
2	2, 1:a	prev_y,y:U[0]	2, 1
1	2, 1:release	prev_y,y:U[0]	2, 1
2	2, 1:sterling	prev_y,y:U[0]	2, 1
5	2, 1:the	prev_y,y:U[0]	2, 1
3	3, 1:'s	prev_y,y:U[0]	3, 1
2	3, 1:Nigel	prev_y,y:U[0]	3, 1
1	3, 2:for	prev_y,y:U[0]	3, 2
1	3, 2:from	prev_y,y:U[0]	3, 2
2	3, 2:in	prev_y,y:U[0]	3, 2
2	3, 2:to	prev_y,y:U[0]	3, 2
1	3, 3:August	prev_y,y:U[0]	3, 3
2	3, 3:commitment	prev_y,y:U[0]	3, 3
1	3, 3:deficits	prev_y,y:U[0]	3, 3
1	3, 3:dive	prev_y,y:U[0]	3, 3
1	3, 3:improvement	prev_y,y:U[0]	3, 3
2	3, 3:monetary	prev_y,y:U[0]	3, 3
2	3, 3:policy	prev_y,y:U[0]	3, 3
2	3, 3:week	prev_y,y:U[0]	3, 3
2	3, 4:has	prev_y,y:U[0]	3, 4
1	3, 4:is	prev_y,y:U[0]	3, 4
1	3, 6:if	prev_y,y:U[0]	3, 6
3	3, 7:.	prev_y,y:U[0]	3, 7
2	4, 5:helped	prev_y,y:U[0]	4, 5
1	4, 5:to	prev_y,y:U[0]	4, 5
1	4, 5:widely	prev_y,y:U[0]	4, 5
3	5, 1:a	prev_y,y:U[0]	5, 1
1	5, 1:another	prev_y,y:U[0]	5, 1
1	5, 5:expected	prev_y,y:U[0]	5, 5
2	5, 5:prevent	prev_y,y:U[0]	5, 5
1	5, 5:show	prev_y,y:U[0]	5, 5
1	5, 5:take	prev_y,y:U[0]	5, 5
3	5, 5:to	prev_y,y:U[0]	5, 5
1	6, 1:trade	prev_y,y:U[0]	6, 1
2	7, 2:of	prev_y,y:U[0]	7, 2
1	7, 4:fail	prev_y,y:U[0]	7, 4
1	7, 8:due	prev_y,y:U[0]	7, 8
1	8, 2:for	prev_y,y:U[0]	8, 2
11	-1, 1:DT	-1,y:POS_U[0]	-1, 1
6	-1, 1:NN	-1,y:POS_U[0]	-1, 1
4	-1, 1:NNP	-1,y:POS_U[0]	-1, 1
3	-1, 1:POS	-1,y:POS_U[0]	-1, 1
10	-1, 2:IN	-1,y:POS_U[0]	-1, 2
2	-1, 2:TO	-1,y:POS_U[0]	-1, 2
1	-1, 3:CC	-1,y:POS_U[0]	-1, 3
7	-1, 3:JJ	-1,y:POS_U[0]	-1, 3
13	-1, 3:NN	-1,y:POS_U[0]	-1, 3
5	-1, 3:NNP	-1,y:POS_U[0]	-1, 3
2	-1, 3:NNS	-1,y:POS_U[0]	-1, 3
2	-1, 3:VBN	-1,y:POS_U[0]	-1, 3
1	-1, 4:VB	-1,y:POS_U[0]	-1, 4
3	-1, 4:VBZ	-1,y:POS_U[0]	-1, 4
1	-1, 5:RB	-1,y:POS_U[0]	-1, 5
4	-1, 5:TO	-1,y:POS_U[0]	-1, 5
4	-1, 5:VB	-1,y:POS_U[0]	-1, 5
3	-1, 5:VBN	-1,y:POS_U[0]	-1, 5
1	-1, 6:IN	-1,y:POS_U[0]	-1, 6
2	-1, 7:,	-1,y:POS_U[0]	-1, 7
3	-1, 7:.	-1,y:POS_U[0]	-1, 7
2	-1, 7:NNP	-1,y:POS_U[0]	-1, 7
1	-1, 8:JJ	-1,y:POS_U[0]	-1, 8
1	0, 1:NN	prev_y,y:POS_U[0]	0, 1
2	0, 7:NNP	prev_y,y:POS_U[0]	0, 7
1	1, 1:NN	prev_y,y:POS_U[0]	1, 1
3	1, 2:IN	prev_y,y:POS_U[0]	1, 2
1	1, 3:CC	prev_y,y:POS_U[0]	1, 3
5	1, 3:JJ	prev_y,y:POS_U[0]	1, 3
5	1, 3:NN	prev_y,y:POS_U[0]	1, 3
4	1, 3:NNP	prev_y,y:POS_U[0]	1, 3
1	1, 3:NNS	prev_y,y:POS_U[0]	1, 3
2	1, 3:VBN	prev_y,y:POS_U[0]	1, 3
2	1, 7:,	prev_y,y:POS_U[0]	1, 7
7	2, 1:DT	prev_y,y:POS_U[0]	2, 1
3	2, 1:NN	prev_y,y:POS_U[0]	2, 1
2	2, 1:NNP	prev_y,y:POS_U[0]	2, 1
2	3, 1:NNP	prev_y,y:POS_U[0]	3, 1
3	3, 1:POS	prev_y,y:POS_U[0]	3, 1
4	3, 2:IN	prev_y,y:POS_U[0]	3, 2
2	3, 2:TO	prev_y,y:POS_U[0]	3, 2
2	3, 3:JJ	prev_y,y:POS_U[0]	3, 3
8	3, 3:NN	prev_y,y:POS_U[0]	3, 3
1	3, 3:NNP	prev_y,y:POS_U[0]	3, 3
1	3, 3:NNS	prev_y,y:POS_U[0]	3, 3
3	3, 4:VBZ	prev_y,y:POS_U[0]	3, 4
1	3, 6:IN	prev_y,y:POS_U[0]	3, 6
3	3, 7:.	prev_y,y:POS_U[0]	3, 7
1	4, 5:RB	prev_y,y:POS_U[0]	4, 5
1	4, 5:TO	prev_y,y:POS_U[0]	4, 5
2	4, 5:VBN	prev_y,y:POS_U[0]	4, 5
4	5, 1:DT	prev_y,y:POS_U[0]	5, 1
3	5, 5:TO	prev_y,y:POS_U[0]	5, 5
4	5, 5:VB	prev_y,y:POS_U[0]	5, 5
1	5, 5:VBN	prev_y,y:POS_U[0]	5, 5
1	6, 1:NN	prev_y,y:POS_U[0]	6, 1
2	7, 2:IN	prev_y,y:POS_U[0]	7, 2
1	7, 4:VB	prev_y,y:POS_U[0]	7, 4
1	7, 8:JJ	prev_y,y:POS_U[0]	7, 8
1	8, 2:IN	prev_y,y:POS_U[0]	8, 2
2	-1, 1:,	-1,y:U[+1]	-1, 1
2	-1, 1:Exchequer	-1,y:U[+1]	-1, 1
2	-1, 1:Lawson	-1,y:U[+1]	-1, 1
1	-1, 1:and	-1,y:U[+1]	-1, 1
1	-1, 1:figures	-1,y:U[+1]	-1, 1
2	-1, 1:firm	-1,y:U[+1]	-1, 1
2	-1, 1:freefall	-1,y:U[+1]	-1, 1
1	-1, 1:in	-1,y:U[+1]	-1, 1
1	-1, 1:near-record	-1,y:U[+1]	-1, 1
2	-1, 1:over	-1,y:U[+1]	-1, 1
2	-1, 1:past	-1,y:U[+1]	-1, 1
1	-1, 1:pound	-1,y:U[+1]	-1, 1
2	-1, 1:restated	-1,y:U[+1]	-1, 1
1	-1, 1:sharp	-1,y:U[+1]	-1, 1
1	-1, 1:substantial	-1,y:U[+1]	-1, 1
1	-1, 1:tomorrow	-1,y:U[+1]	-1, 1
1	-1, 2:July	-1,y:U[+1]	-1, 2
1	-1, 2:September	-1,y:U[+1]	-1, 2
2	-1, 2:a	-1,y:U[+1]	-1, 2
1	-1, 2:release	-1,y:U[+1]	-1, 2
2	-1, 2:sterling	-1,y:U[+1]	-1, 2
5	-1, 2:the	-1,y:U[+1]	-1, 2
3	-1, 3:'s	-1,y:U[+1]	-1, 3
3	-1, 3:.	-1,y:U[+1]	-1, 3
1	-1, 3:August	-1,y:U[+1]	-1, 3
2	-1, 3:Nigel	-1,y:U[+1]	-1, 3
2	-1, 3:commitment	-1,y:U[+1]	-1, 3
1	-1, 3:deficits	-1,y:U[+1]	-1, 3
1	-1, 3:dive	-1,y:U[+1]	-1, 3
1	-1, 3:for	-1,y:U[+1]	-1, 3
1	-1, 3:from	-1,y:U[+1]	-1, 3
2	-1, 3:has	-1,y:U[+1]	-1, 3
1	-1, 3:if	-1,y:U[+1]	-1, 3
1	-1, 3:improvement	-1,y:U[+1]	-1, 3
2	-1, 3:in	-1,y:U[+1]	-1, 3
1	-1, 3:is	-1,y:U[+1]	-1, 3
2	-1, 3:monetary	-1,y:U[+1]	-1, 3
2	-1, 3:policy	-1,y:U[+1]	-1, 3
2	-1, 3:to	-1,y:U[+1]	-1, 3
2	-1, 3:week	-1,y:U[+1]	-1, 3
2	-1, 4:helped	-1,y:U[+1]	-1, 4
1	-1, 4:to	-1,y:U[+1]	-1, 4
1	-1, 4:widely	-1,y:U[+1]	-1, 4
3	-1, 5:a	-1,y:U[+1]	-1, 5
1	-1, 5:another	-1,y:U[+1]	-1, 5
1	-1, 5:expected	-1,y:U[+1]	-1, 5
2	-1, 5:prevent	-1,y:U[+1]	-1, 5
1	-1, 5:show	-1,y:U[+1]	-1, 5
1	-1, 5:take	-1,y:U[+1]	-1, 5
3	-1, 5:to	-1,y:U[+1]	-1, 5
1	-1, 6:trade	-1,y:U[+1]	-1, 6
1	-1, 7:due	-1,y:U[+1]	-1, 7
1	-1, 7:fail	-1,y:U[+1]	-1, 7
2	-1, 7:of	-1,y:U[+1]	-1, 7
1	-1, 8:for	-1,y:U[+1]	-1, 8
1	0, 1:in	prev_y,y:U[+1]	0, 1
2	0, 7:of	prev_y,y:U[+1]	0, 7
1	1, 1:,	prev_y,y:U[+1]	1, 1
3	1, 2:the	prev_y,y:U[+1]	1, 2
2	1, 3:'s	prev_y,y:U[+1]	1, 3
1	1, 3:August	prev_y,y:U[+1]	1, 3
2	1, 3:Nigel	prev_y,y:U[+1]	1, 3
2	1, 3:commitment	prev_y,y:U[+1]	1, 3
1	1, 3:deficits	prev_y,y:U[+1]	1, 3
1	1, 3:dive	prev_y,y:U[+1]	1, 3
1	1, 3:for	prev_y,y:U[+1]	1, 3
1	1, 3:improvement	prev_y,y:U[+1]	1, 3
2	1, 3:in	prev_y,y:U[+1]	1, 3
1	1, 3:is	prev_y,y:U[+1]	1, 3
2	1, 3:monetary	prev_y,y:U[+1]	1, 3
2	1, 3:week	prev_y,y:U[+1]	1, 3
1	1, 7:due	prev_y,y:U[+1]	1, 7
1	1, 7:fail	prev_y,y:U[+1]	1, 7
1	2, 1:,	prev_y,y:U[+1]	2, 1
2	2, 1:Exchequer	prev_y,y:U[+1]	2, 1
1	2, 1:and	prev_y,y:U[+1]	2, 1
2	2, 1:firm	prev_y,y:U[+1]	2, 1
2	2, 1:over	prev_y,y:U[+1]	2, 1
2	2, 1:past	prev_y,y:U[+1]	2, 1
1	2, 1:pound	prev_y,y:U[+1]	2, 1
1	2, 1:tomorrow	prev_y,y:U[+1]	2, 1
2	3, 1:Lawson	prev_y,y:U[+1]	3, 1
1	3, 1:near-record	prev_y,y:U[+1]	3, 1
2	3, 1:restated	prev_y,y:U[+1]	3, 1
1	3, 2:July	prev_y,y:U[+1]	3, 2
1	3, 2:September	prev_y,y:U[+1]	3, 2
2	3, 2:a	prev_y,y:U[+1]	3, 2
2	3, 2:sterling	prev_y,y:U[+1]	3, 2
1	3, 3:'s	prev_y,y:U[+1]	3, 3
3	3, 3:.	prev_y,y:U[+1]	3, 3
1	3, 3:from	prev_y,y:U[+1]	3, 3
2	3, 3:has	prev_y,y:U[+1]	3, 3
1	3, 3:if	prev_y,y:U[+1]	3, 3
2	3, 3:policy	prev_y,y:U[+1]	3, 3
2	3, 3:to	prev_y,y:U[+1]	3, 3
2	3, 4:helped	prev_y,y:U[+1]	3, 4
1	3, 4:widely	prev_y,y:U[+1]	3, 4
1	3, 6:trade	prev_y,y:U[+1]	3, 6
1	4, 5:expected	prev_y,y:U[+1]	4, 5
1	4, 5:show	prev_y,y:U[+1]	4, 5
2	4, 5:to	prev_y,y:U[+1]	4, 5
2	5, 1:freefall	prev_y,y:U[+1]	5, 1
1	5, 1:sharp	prev_y,y:U[+1]	5, 1
1	5, 1:substantial	prev_y,y:U[+1]	5, 1
3	5, 5:a	prev_y,y:U[+1]	5, 5
1	5, 5:another	prev_y,y:U[+1]	5, 5
2	5, 5:prevent	prev_y,y:U[+1]	5, 5
1	5, 5:take	prev_y,y:U[+1]	5, 5
1	5, 5:to	prev_y,y:U[+1]	5, 5
1	6, 1:figures	prev_y,y:U[+1]	6, 1
2	7, 2:the	prev_y,y:U[+1]	7, 2
1	7, 4:to	prev_y,y:U[+1]	7, 4
1	7, 8:for	prev_y,y:U[+1]	7, 8
1	8, 2:release	prev_y,y:U[+1]	8, 2
1	-1, 1:'s near-record	-1,y:B[0]	-1, 1
2	-1, 1:'s restated	-1,y:B[0]	-1, 1
1	-1, 1:Confidence in	-1,y:B[0]	-1, 1
1	-1, 1:July and	-1,y:B[0]	-1, 1
2	-1, 1:Nigel Lawson	-1,y:B[0]	-1, 1
1	-1, 1:September ,	-1,y:B[0]	-1, 1
2	-1, 1:a firm	-1,y:B[0]	-1, 1
2	-1, 1:a freefall	-1,y:B[0]	-1, 1
1	-1, 1:a substantial	-1,y:B[0]	-1, 1
1	-1, 1:another sharp	-1,y:B[0]	-1, 1
1	-1, 1:release tomorrow	-1,y:B[0]	-1, 1
2	-1, 1:sterling over	-1,y:B[0]	-1, 1
2	-1, 1:the Exchequer	-1,y:B[0]	-1, 1
2	-1, 1:the past	-1,y:B[0]	-1, 1
1	-1, 1:the pound	-1,y:B[0]	-1, 1
1	-1, 1:tomorrow ,	-1,y:B[0]	-1, 1
1	-1, 1:trade figures	-1,y:B[0]	-1, 1
1	-1, 2:for September	-1,y:B[0]	-1, 2
1	-1, 2:for release	-1,y:B[0]	-1, 2
1	-1, 2:from July	-1,y:B[0]	-1, 2
2	-1, 2:in sterling	-1,y:B[0]	-1, 2
1	-1, 2:in the	-1,y:B[0]	-1, 2
2	-1, 2:of the	-1,y:B[0]	-1, 2
2	-1, 2:over the	-1,y:B[0]	-1, 2
2	-1, 2:to a	-1,y:B[0]	-1, 2
1	-1, 3:August 's	-1,y:B[0]	-1, 3
2	-1, 3:Exchequer Nigel	-1,y:B[0]	-1, 3
2	-1, 3:Lawson 's	-1,y:B[0]	-1, 3
1	-1, 3:and August	-1,y:B[0]	-1, 3
2	-1, 3:commitment to	-1,y:B[0]	-1, 3
1	-1, 3:deficits .	-1,y:B[0]	-1, 3
1	-1, 3:dive if	-1,y:B[0]	-1, 3
1	-1, 3:figures for	-1,y:B[0]	-1, 3
2	-1, 3:firm monetary	-1,y:B[0]	-1, 3
2	-1, 3:freefall in	-1,y:B[0]	-1, 3
1	-1, 3:improvement from	-1,y:B[0]	-1, 3
2	-1, 3:monetary policy	-1,y:B[0]	-1, 3
1	-1, 3:near-record deficits	-1,y:B[0]	-1, 3
2	-1, 3:past week	-1,y:B[0]	-1, 3
2	-1, 3:policy has	-1,y:B[0]	-1, 3
1	-1, 3:pound is	-1,y:B[0]	-1, 3
2	-1, 3:restated commitment	-1,y:B[0]	-1, 3
1	-1, 3:sharp dive	-1,y:B[0]	-1, 3
1	-1, 3:substantial improvement	-1,y:B[0]	-1, 3
2	-1, 3:week .	-1,y:B[0]	-1, 3
1	-1, 4:fail to	-1,y:B[0]	-1, 4
2	-1, 4:has helped	-1,y:B[0]	-1, 4
1	-1, 4:is widely	-1,y:B[0]	-1, 4
1	-1, 5:expected to	-1,y:B[0]	-1, 5
2	-1, 5:helped to	-1,y:B[0]	-1, 5
2	-1, 5:prevent a	-1,y:B[0]	-1, 5
1	-1, 5:show a	-1,y:B[0]	-1, 5
1	-1, 5:take another	-1,y:B[0]	-1, 5
2	-1, 5:to prevent	-1,y:B[0]	-1, 5
1	-1, 5:to show	-1,y:B[0]	-1, 5
1	-1, 5:to take	-1,y:B[0]	-1, 5
1	-1, 5:widely expected	-1,y:B[0]	-1, 5
1	-1, 6:if trade	-1,y:B[0]	-1, 6
1	-1, 7:, due	-1,y:B[0]	-1, 7
1	-1, 7:, fail	-1,y:B[0]	-1, 7
2	-1, 7:Chancellor of	-1,y:B[0]	-1, 7
1	-1, 8:due for	-1,y:B[0]	-1, 8
1	0, 1:Confidence in	prev_y,y:B[0]	0, 1
2	0, 7:Chancellor of	prev_y,y:B[0]	0, 7
1	1, 1:tomorrow ,	prev_y,y:B[0]	1, 1
1	1, 2:in the	prev_y,y:B[0]	1, 2
2	1, 2:over the	prev_y,y:B[0]	1, 2
2	1, 3:Exchequer Nigel	prev_y,y:B[0]	1, 3
2	1, 3:Lawson 's	prev_y,y:B[0]	1, 3
1	1, 3:and August	prev_y,y:B[0]	1, 3
1	1, 3:figures for	prev_y,y:B[0]	1, 3
2	1, 3:firm monetary	prev_y,y:B[0]	1, 3
2	1, 3:freefall in	prev_y,y:B[0]	1, 3
1	1, 3:near-record deficits	prev_y,y:B[0]	1, 3
2	1, 3:past week	prev_y,y:B[0]	1, 3
1	1, 3:pound is	prev_y,y:B[0]	1, 3
2	1, 3:restated commitment	prev_y,y:B[0]	1, 3
1	1, 3:sharp dive	prev_y,y:B[0]	1, 3
1	1, 3:substantial improvement	prev_y,y:B[0]	1, 3
1	1, 7:, due	prev_y,y:B[0]	1, 7
1	1, 7:, fail	prev_y,y:B[0]	1, 7
1	2, 1:July and	prev_y,y:B[0]	2, 1
1	2, 1:September ,	prev_y,y:B[0]	2, 1
2	2, 1:a firm	prev_y,y:B[0]	2, 1
1	2, 1:release tomorrow	prev_y,y:B[0]	2, 1
2	2, 1:sterling over	prev_y,y:B[0]	2, 1
2	2, 1:the Exchequer	prev_y,y:B[0]	2, 1
2	2, 1:the past	prev_y,y:B[0]	2, 1
1	2, 1:the pound	prev_y,y:B[0]	2, 1
1	3, 1:'s near-record	prev_y,y:B[0]	3, 1
2	3, 1:'s restated	prev_y,y:B[0]	3, 1
2	3, 1:Nigel Lawson	prev_y,y:B[0]	3, 1
1	3, 2:for September	prev_y,y:B[0]	3, 2
1	3, 2:from July	prev_y,y:B[0]	3, 2
2	3, 2:in sterling	prev_y,y:B[0]	3, 2
2	3, 2:to a	prev_y,y:B[0]	3, 2
1	3, 3:August 's	prev_y,y:B[0]	3, 3
2	3, 3:commitment to	prev_y,y:B[0]	3, 3
1	3, 3:deficits .	prev_y,y:B[0]	3, 3
1	3, 3:dive if	prev_y,y:B[0]	3, 3
1	3, 3:improvement from	prev_y,y:B[0]	3, 3
2	3, 3:monetary policy	prev_y,y:B[0]	3, 3
2	3, 3:policy has	prev_y,y:B[0]	3, 3
2	3, 3:week .	prev_y,y:B[0]	3, 3
2	3, 4:has helped	prev_y,y:B[0]	3, 4
1	3, 4:is widely	prev_y,y:B[0]	3, 4
1	3, 6:if trade	prev_y,y:B[0]	3, 6
2	4, 5:helped to	prev_y,y:B[0]	4, 5
1	4, 5:to show	prev_y,y:B[0]	4, 5
1	4, 5:widely expected	prev_y,y:B[0]	4, 5
2	5, 1:a freefall	prev_y,y:B[0]	5, 1
1	5, 1:a substantial	prev_y,y:B[0]	5, 1
1	5, 1:another sharp	prev_y,y:B[0]	5, 1
1	5, 5:expected to	prev_y,y:B[0]	5, 5
2	5, 5:prevent a	prev_y,y:B[0]	5, 5
1	5, 5:show a	prev_y,y:B[0]	5, 5
1	5, 5:take another	prev_y,y:B[0]	5, 5
2	5, 5:to prevent	prev_y,y:B[0]	5, 5
1	5, 5:to take	prev_y,y:B[0]	5, 5
1	6, 1:trade figures	prev_y,y:B[0]	6, 1
2	7, 2:of the	prev_y,y:B[0]	7, 2
1	7, 4:fail to	prev_y,y:B[0]	7, 4
1	7, 8:due for	prev_y,y:B[0]	7, 8
1	8, 2:for release	prev_y,y:B[0]	8, 2
2	-1, 1:,	-1,y:POS_U[+1]	-1, 1
1	-1, 1:CC	-1,y:POS_U[+1]	-1, 1
3	-1, 1:IN	-1,y:POS_U[+1]	-1, 1
5	-1, 1:JJ	-1,y:POS_U[+1]	-1, 1
6	-1, 1:NN	-1,y:POS_U[+1]	-1, 1
4	-1, 1:NNP	-1,y:POS_U[+1]	-1, 1
1	-1, 1:NNS	-1,y:POS_U[+1]	-1, 1
2	-1, 1:VBN	-1,y:POS_U[+1]	-1, 1
7	-1, 2:DT	-1,y:POS_U[+1]	-1, 2
3	-1, 2:NN	-1,y:POS_U[+1]	-1, 2
2	-1, 2:NNP	-1,y:POS_U[+1]	-1, 2
3	-1, 3:.	-1,y:POS_U[+1]	-1, 3
5	-1, 3:IN	-1,y:POS_U[+1]	-1, 3
2	-1, 3:JJ	-1,y:POS_U[+1]	-1, 3
8	-1, 3:NN	-1,y:POS_U[+1]	-1, 3
3	-1, 3:NNP	-1,y:POS_U[+1]	-1, 3
1	-1, 3:NNS	-1,y:POS_U[+1]	-1, 3
3	-1, 3:POS	-1,y:POS_U[+1]	-1, 3
2	-1, 3:TO	-1,y:POS_U[+1]	-1, 3
3	-1, 3:VBZ	-1,y:POS_U[+1]	-1, 3
1	-1, 4:RB	-1,y:POS_U[+1]	-1, 4
1	-1, 4:TO	-1,y:POS_U[+1]	-1, 4
2	-1, 4:VBN	-1,y:POS_U[+1]	-1, 4
4	-1, 5:DT	-1,y:POS_U[+1]	-1, 5
3	-1, 5:TO	-1,y:POS_U[+1]	-1, 5
4	-1, 5:VB	-1,y:POS_U[+1]	-1, 5
1	-1, 5:VBN	-1,y:POS_U[+1]	-1, 5
1	-1, 6:NN	-1,y:POS_U[+1]	-1, 6
2	-1, 7:IN	-1,y:POS_U[+1]	-1, 7
1	-1, 7:JJ	-1,y:POS_U[+1]	-1, 7
1	-1, 7:VB	-1,y:POS_U[+1]	-1, 7
1	-1, 8:IN	-1,y:POS_U[+1]	-1, 8
1	0, 1:IN	prev_y,y:POS_U[+1]	0, 1
2	0, 7:IN	prev_y,y:POS_U[+1]	0, 7
1	1, 1:,	prev_y,y:POS_U[+1]	1, 1
3	1, 2:DT	prev_y,y:POS_U[+1]	1, 2
3	1, 3:IN	prev_y,y:POS_U[+1]	1, 3
2	1, 3:JJ	prev_y,y:POS_U[+1]	1, 3
6	1, 3:NN	prev_y,y:POS_U[+1]	1, 3
3	1, 3:NNP	prev_y,y:POS_U[+1]	1, 3
1	1, 3:NNS	prev_y,y:POS_U[+1]	1, 3
2	1, 3:POS	prev_y,y:POS_U[+1]	1, 3
1	1, 3:VBZ	prev_y,y:POS_U[+1]	1, 3
1	1, 7:JJ	prev_y,y:POS_U[+1]	1, 7
1	1, 7:VB	prev_y,y:POS_U[+1]	1, 7
1	2, 1:,	prev_y,y:POS_U[+1]	2, 1
1	2, 1:CC	prev_y,y:POS_U[+1]	2, 1
2	2, 1:IN	prev_y,y:POS_U[+1]	2, 1
2	2, 1:JJ	prev_y,y:POS_U[+1]	2, 1
4	2, 1:NN	prev_y,y:POS_U[+1]	2, 1
2	2, 1:NNP	prev_y,y:POS_U[+1]	2, 1
1	3, 1:JJ	prev_y,y:POS_U[+1]	3, 1
2	3, 1:NNP	prev_y,y:POS_U[+1]	3, 1
2	3, 1:VBN	prev_y,y:POS_U[+1]	3, 1
2	3, 2:DT	prev_y,y:POS_U[+1]	3, 2
2	3, 2:NN	prev_y,y:POS_U[+1]	3, 2
2	3, 2:NNP	prev_y,y:POS_U[+1]	3, 2
3	3, 3:.	prev_y,y:POS_U[+1]	3, 3
2	3, 3:IN	prev_y,y:POS_U[+1]	3, 3
2	3, 3:NN	prev_y,y:POS_U[+1]	3, 3
1	3, 3:POS	prev_y,y:POS_U[+1]	3, 3
2	3, 3:TO	prev_y,y:POS_U[+1]	3, 3
2	3, 3:VBZ	prev_y,y:POS_U[+1]	3, 3
1	3, 4:RB	prev_y,y:POS_U[+1]	3, 4
2	3, 4:VBN	prev_y,y:POS_U[+1]	3, 4
1	3, 6:NN	prev_y,y:POS_U[+1]	3, 6
2	4, 5:TO	prev_y,y:POS_U[+1]	4, 5
1	4, 5:VB	prev_y,y:POS_U[+1]	4, 5
1	4, 5:VBN	prev_y,y:POS_U[+1]	4, 5
2	5, 1:JJ	prev_y,y:POS_U[+1]	5, 1
2	5, 1:NN	prev_y,y:POS_U[+1]	5, 1
4	5, 5:DT	prev_y,y:POS_U[+1]	5, 5
1	5, 5:TO	prev_y,y:POS_U[+1]	5, 5
3	5, 5:VB	prev_y,y:POS_U[+1]	5, 5
1	6, 1:NNS	prev_y,y:POS_U[+1]	6, 1
2	7, 2:DT	prev_y,y:POS_U[+1]	7, 2
1	7, 4:TO	prev_y,y:POS_U[+1]	7, 4
1	7, 8:IN	prev_y,y:POS_U[+1]	7, 8
1	8, 2:NN	prev_y,y:POS_U[+1]	8, 2
4	-1, 1:DT JJ	-1,y:POS_B[0]	-1, 1
5	-1, 1:DT NN	-1,y:POS_B[0]	-1, 1
2	-1, 1:DT NNP	-1,y:POS_B[0]	-1, 1
1	-1, 1:NN ,	-1,y:POS_B[0]	-1, 1
3	-1, 1:NN IN	-1,y:POS_B[0]	-1, 1
1	-1, 1:NN NN	-1,y:POS_B[0]	-1, 1
1	-1, 1:NN NNS	-1,y:POS_B[0]	-1, 1
1	-1, 1:NNP ,	-1,y:POS_B[0]	-1, 1
1	-1, 1:NNP CC	-1,y:POS_B[0]	-1, 1
2	-1, 1:NNP NNP	-1,y:POS_B[0]	-1, 1
1	-1, 1:POS JJ	-1,y:POS_B[0]	-1, 1
2	-1, 1:POS VBN	-1,y:POS_B[0]	-1, 1
5	-1, 2:IN DT	-1,y:POS_B[0]	-1, 2
3	-1, 2:IN NN	-1,y:POS_B[0]	-1, 2
2	-1, 2:IN NNP	-1,y:POS_B[0]	-1, 2
2	-1, 2:TO DT	-1,y:POS_B[0]	-1, 2
1	-1, 3:CC NNP	-1,y:POS_B[0]	-1, 3
6	-1, 3:JJ NN	-1,y:POS_B[0]	-1, 3
1	-1, 3:JJ NNS	-1,y:POS_B[0]	-1, 3
2	-1, 3:NN .	-1,y:POS_B[0]	-1, 3
4	-1, 3:NN IN	-1,y:POS_B[0]	-1, 3
2	-1, 3:NN JJ	-1,y:POS_B[0]	-1, 3
2	-1, 3:NN TO	-1,y:POS_B[0]	-1, 3
3	-1, 3:NN VBZ	-1,y:POS_B[0]	-1, 3
2	-1, 3:NNP NNP	-1,y:POS_B[0]	-1, 3
3	-1, 3:NNP POS	-1,y:POS_B[0]	-1, 3
1	-1, 3:NNS .	-1,y:POS_B[0]	-1, 3
1	-1, 3:NNS IN	-1,y:POS_B[0]	-1, 3
2	-1, 3:VBN NN	-1,y:POS_B[0]	-1, 3
1	-1, 4:VB TO	-1,y:POS_B[0]	-1, 4
1	-1, 4:VBZ RB	-1,y:POS_B[0]	-1, 4
2	-1, 4:VBZ VBN	-1,y:POS_B[0]	-1, 4
1	-1, 5:RB VBN	-1,y:POS_B[0]	-1, 5
4	-1, 5:TO VB	-1,y:POS_B[0]	-1, 5
4	-1, 5:VB DT	-1,y:POS_B[0]	-1, 5
3	-1, 5:VBN TO	-1,y:POS_B[0]	-1, 5
1	-1, 6:IN NN	-1,y:POS_B[0]	-1, 6
1	-1, 7:, JJ	-1,y:POS_B[0]	-1, 7
1	-1, 7:, VB	-1,y:POS_B[0]	-1, 7
2	-1, 7:NNP IN	-1,y:POS_B[0]	-1, 7
1	-1, 8:JJ IN	-1,y:POS_B[0]	-1, 8
1	0, 1:NN IN	prev_y,y:POS_B[0]	0, 1
2	0, 7:NNP IN	prev_y,y:POS_B[0]	0, 7
1	1, 1:NN ,	prev_y,y:POS_B[0]	1, 1
3	1, 2:IN DT	prev_y,y:POS_B[0]	1, 2
1	1, 3:CC NNP	prev_y,y:POS_B[0]	1, 3
4	1, 3:JJ NN	prev_y,y:POS_B[0]	1, 3
1	1, 3:JJ NNS	prev_y,y:POS_B[0]	1, 3
2	1, 3:NN IN	prev_y,y:POS_B[0]	1, 3
2	1, 3:NN JJ	prev_y,y:POS_B[0]	1, 3
1	1, 3:NN VBZ	prev_y,y:POS_B[0]	1, 3
2	1, 3:NNP NNP	prev_y,y:POS_B[0]	1, 3
2	1, 3:NNP POS	prev_y,y:POS_B[0]	1, 3
1	1, 3:NNS IN	prev_y,y:POS_B[0]	1, 3
2	1, 3:VBN NN	prev_y,y:POS_B[0]	1, 3
1	1, 7:, JJ	prev_y,y:POS_B[0]	1, 7
1	1, 7:, VB	prev_y,y:POS_B[0]	1, 7
2	2, 1:DT JJ	prev_y,y:POS_B[0]	2, 1
3	2, 1:DT NN	prev_y,y:POS_B[0]	2, 1
2	2, 1:DT NNP	prev_y,y:POS_B[0]	2, 1
2	2, 1:NN IN	prev_y,y:POS_B[0]	2, 1
1	2, 1:NN NN	prev_y,y:POS_B[0]	2, 1
1	2, 1:NNP ,	prev_y,y:POS_B[0]	2, 1
1	2, 1:NNP CC	prev_y,y:POS_B[0]	2, 1
2	3, 1:NNP NNP	prev_y,y:POS_B[0]	3, 1
1	3, 1:POS JJ	prev_y,y:POS_B[0]	3, 1
2	3, 1:POS VBN	prev_y,y:POS_B[0]	3, 1
2	3, 2:IN NN	prev_y,y:POS_B[0]	3, 2
2	3, 2:IN NNP	prev_y,y:POS_B[0]	3, 2
2	3, 2:TO DT	prev_y,y:POS_B[0]	3, 2
2	3, 3:JJ NN	prev_y,y:POS_B[0]	3, 3
2	3, 3:NN .	prev_y,y:POS_B[0]	3, 3
2	3, 3:NN IN	prev_y,y:POS_B[0]	3, 3
2	3, 3:NN TO	prev_y,y:POS_B[0]	3, 3
2	3, 3:NN VBZ	prev_y,y:POS_B[0]	3, 3
1	3, 3:NNP POS	prev_y,y:POS_B[0]	3, 3
1	3, 3:NNS .	prev_y,y:POS_B[0]	3, 3
1	3, 4:VBZ RB	prev_y,y:POS_B[0]	3, 4
2	3, 4:VBZ VBN	prev_y,y:POS_B[0]	3, 4
1	3, 6:IN NN	prev_y,y:POS_B[0]	3, 6
1	4, 5:RB VBN	prev_y,y:POS_B[0]	4, 5
1	4, 5:TO VB	prev_y,y:POS_B[0]	4, 5
2	4, 5:VBN TO	prev_y,y:POS_B[0]	4, 5
2	5, 1:DT JJ	prev_y,y:POS_B[0]	5, 1
2	5, 1:DT NN	prev_y,y:POS_B[0]	5, 1
3	5, 5:TO VB	prev_y,y:POS_B[0]	5, 5
4	5, 5:VB DT	prev_y,y:POS_B[0]	5, 5
1	5, 5:VBN TO	prev_y,y:POS_B[0]	5, 5
1	6, 1:NN NNS	prev_y,y:POS_B[0]	6, 1
2	7, 2:IN DT	prev_y,y:POS_B[0]	7, 2
1	7, 4:VB TO	prev_y,y:POS_B[0]	7, 4
1	7, 8:JJ IN	prev_y,y:POS_B[0]	7, 8
1	8, 2:IN NN	prev_y,y:POS_B[0]	8, 2
2	-1, 1:'s	-1,y:U[+2]	-1, 1
1	-1, 1:,	-1,y:U[+2]	-1, 1
1	-1, 1:August	-1,y:U[+2]	-1, 1
2	-1, 1:Nigel	-1,y:U[+2]	-1, 1
2	-1, 1:commitment	-1,y:U[+2]	-1, 1
1	-1, 1:deficits	-1,y:U[+2]	-1, 1
1	-1, 1:dive	-1,y:U[+2]	-1, 1
1	-1, 1:due	-1,y:U[+2]	-1, 1
1	-1, 1:fail	-1,y:U[+2]	-1, 1
1	-1, 1:for	-1,y:U[+2]	-1, 1
1	-1, 1:improvement	-1,y:U[+2]	-1, 1
2	-1, 1:in	-1,y:U[+2]	-1, 1
1	-1, 1:is	-1,y:U[+2]	-1, 1
2	-1, 1:monetary	-1,y:U[+2]	-1, 1
3	-1, 1:the	-1,y:U[+2]	-1, 1
2	-1, 1:week	-1,y:U[+2]	-1, 1
1	-1, 2:,	-1,y:U[+2]	-1, 2
2	-1, 2:Exchequer	-1,y:U[+2]	-1, 2
1	-1, 2:and	-1,y:U[+2]	-1, 2
2	-1, 2:firm	-1,y:U[+2]	-1, 2
2	-1, 2:over	-1,y:U[+2]	-1, 2
2	-1, 2:past	-1,y:U[+2]	-1, 2
1	-1, 2:pound	-1,y:U[+2]	-1, 2
1	-1, 2:tomorrow	-1,y:U[+2]	-1, 2
1	-1, 3:'s	-1,y:U[+2]	-1, 3
3	-1, 3:.	-1,y:U[+2]	-1, 3
1	-1, 3:July	-1,y:U[+2]	-1, 3
2	-1, 3:Lawson	-1,y:U[+2]	-1, 3
1	-1, 3:September	-1,y:U[+2]	-1, 3
2	-1, 3:a	-1,y:U[+2]	-1, 3
1	-1, 3:from	-1,y:U[+2]	-1, 3
2	-1, 3:has	-1,y:U[+2]	-1, 3
2	-1, 3:helped	-1,y:U[+2]	-1, 3
1	-1, 3:if	-1,y:U[+2]	-1, 3
1	-1, 3:near-record	-1,y:U[+2]	-1, 3
2	-1, 3:policy	-1,y:U[+2]	-1, 3
2	-1, 3:restated	-1,y:U[+2]	-1, 3
2	-1, 3:sterling	-1,y:U[+2]	-1, 3
2	-1, 3:to	-1,y:U[+2]	-1, 3
1	-1, 3:trade	-1,y:U[+2]	-1, 3
1	-1, 3:widely	-1,y:U[+2]	-1, 3
1	-1, 4:expected	-1,y:U[+2]	-1, 4
1	-1, 4:show	-1,y:U[+2]	-1, 4
2	-1, 4:to	-1,y:U[+2]	-1, 4
3	-1, 5:a	-1,y:U[+2]	-1, 5
1	-1, 5:another	-1,y:U[+2]	-1, 5
2	-1, 5:freefall	-1,y:U[+2]	-1, 5
2	-1, 5:prevent	-1,y:U[+2]	-1, 5
1	-1, 5:sharp	-1,y:U[+2]	-1, 5
1	-1, 5:substantial	-1,y:U[+2]	-1, 5
1	-1, 5:take	-1,y:U[+2]	-1, 5
1	-1, 5:to	-1,y:U[+2]	-1, 5
1	-1, 6:figures	-1,y:U[+2]	-1, 6
1	-1, 7:for	-1,y:U[+2]	-1, 7
2	-1, 7:the	-1,y:U[+2]	-1, 7
1	-1, 7:to	-1,y:U[+2]	-1, 7
1	-1, 8:release	-1,y:U[+2]	-1, 8
1	0, 1:the	prev_y,y:U[+2]	0, 1
2	0, 7:the	prev_y,y:U[+2]	0, 7
1	1, 1:fail	prev_y,y:U[+2]	1, 1
2	1, 2:past	prev_y,y:U[+2]	1, 2
1	1, 2:pound	prev_y,y:U[+2]	1, 2
1	1, 3:'s	prev_y,y:U[+2]	1, 3
3	1, 3:.	prev_y,y:U[+2]	1, 3
2	1, 3:Lawson	prev_y,y:U[+2]	1, 3
1	1, 3:September	prev_y,y:U[+2]	1, 3
1	1, 3:from	prev_y,y:U[+2]	1, 3
1	1, 3:if	prev_y,y:U[+2]	1, 3
2	1, 3:policy	prev_y,y:U[+2]	1, 3
2	1, 3:restated	prev_y,y:U[+2]	1, 3
2	1, 3:sterling	prev_y,y:U[+2]	1, 3
2	1, 3:to	prev_y,y:U[+2]	1, 3
1	1, 3:widely	prev_y,y:U[+2]	1, 3
1	1, 7:for	prev_y,y:U[+2]	1, 7
1	1, 7:to	prev_y,y:U[+2]	1, 7
1	2, 1:,	prev_y,y:U[+2]	2, 1
1	2, 1:August	prev_y,y:U[+2]	2, 1
2	2, 1:Nigel	prev_y,y:U[+2]	2, 1
1	2, 1:due	prev_y,y:U[+2]	2, 1
1	2, 1:is	prev_y,y:U[+2]	2, 1
2	2, 1:monetary	prev_y,y:U[+2]	2, 1
2	2, 1:the	prev_y,y:U[+2]	2, 1
2	2, 1:week	prev_y,y:U[+2]	2, 1
2	3, 1:'s	prev_y,y:U[+2]	3, 1
2	3, 1:commitment	prev_y,y:U[+2]	3, 1
1	3, 1:deficits	prev_y,y:U[+2]	3, 1
1	3, 2:,	prev_y,y:U[+2]	3, 2
1	3, 2:and	prev_y,y:U[+2]	3, 2
2	3, 2:firm	prev_y,y:U[+2]	3, 2
2	3, 2:over	prev_y,y:U[+2]	3, 2
1	3, 3:July	prev_y,y:U[+2]	3, 3
2	3, 3:a	prev_y,y:U[+2]	3, 3
2	3, 3:has	prev_y,y:U[+2]	3, 3
2	3, 3:helped	prev_y,y:U[+2]	3, 3
1	3, 3:near-record	prev_y,y:U[+2]	3, 3
1	3, 3:trade	prev_y,y:U[+2]	3, 3
1	3, 4:expected	prev_y,y:U[+2]	3, 4
2	3, 4:to	prev_y,y:U[+2]	3, 4
1	3, 6:figures	prev_y,y:U[+2]	3, 6
1	4, 5:a	prev_y,y:U[+2]	4, 5
2	4, 5:prevent	prev_y,y:U[+2]	4, 5
1	4, 5:to	prev_y,y:U[+2]	4, 5
1	5, 1:dive	prev_y,y:U[+2]	5, 1
1	5, 1:improvement	prev_y,y:U[+2]	5, 1
2	5, 1:in	prev_y,y:U[+2]	5, 1
2	5, 5:a	prev_y,y:U[+2]	5, 5
1	5, 5:another	prev_y,y:U[+2]	5, 5
2	5, 5:freefall	prev_y,y:U[+2]	5, 5
1	5, 5:sharp	prev_y,y:U[+2]	5, 5
1	5, 5:substantial	prev_y,y:U[+2]	5, 5
1	5, 5:take	prev_y,y:U[+2]	5, 5
1	6, 1:for	prev_y,y:U[+2]	6, 1
2	7, 2:Exchequer	prev_y,y:U[+2]	7, 2
1	7, 4:show	prev_y,y:U[+2]	7, 4
1	7, 8:release	prev_y,y:U[+2]	7, 8
1	8, 2:tomorrow	prev_y,y:U[+2]	8, 2
1	-1, 1:,	-1,y:POS_U[+2]	-1, 1
3	-1, 1:DT	-1,y:POS_U[+2]	-1, 1
3	-1, 1:IN	-1,y:POS_U[+2]	-1, 1
3	-1, 1:JJ	-1,y:POS_U[+2]	-1, 1
6	-1, 1:NN	-1,y:POS_U[+2]	-1, 1
3	-1, 1:NNP	-1,y:POS_U[+2]	-1, 1
1	-1, 1:NNS	-1,y:POS_U[+2]	-1, 1
2	-1, 1:POS	-1,y:POS_U[+2]	-1, 1
1	-1, 1:VB	-1,y:POS_U[+2]	-1, 1
1	-1, 1:VBZ	-1,y:POS_U[+2]	-1, 1
1	-1, 2:,	-1,y:POS_U[+2]	-1, 2
1	-1, 2:CC	-1,y:POS_U[+2]	-1, 2
2	-1, 2:IN	-1,y:POS_U[+2]	-1, 2
2	-1, 2:JJ	-1,y:POS_U[+2]	-1, 2
4	-1, 2:NN	-1,y:POS_U[+2]	-1, 2
2	-1, 2:NNP	-1,y:POS_U[+2]	-1, 2
3	-1, 3:.	-1,y:POS_U[+2]	-1, 3
2	-1, 3:DT	-1,y:POS_U[+2]	-1, 3
2	-1, 3:IN	-1,y:POS_U[+2]	-1, 3
1	-1, 3:JJ	-1,y:POS_U[+2]	-1, 3
5	-1, 3:NN	-1,y:POS_U[+2]	-1, 3
4	-1, 3:NNP	-1,y:POS_U[+2]	-1, 3
1	-1, 3:POS	-1,y:POS_U[+2]	-1, 3
1	-1, 3:RB	-1,y:POS_U[+2]	-1, 3
2	-1, 3:TO	-1,y:POS_U[+2]	-1, 3
4	-1, 3:VBN	-1,y:POS_U[+2]	-1, 3
2	-1, 3:VBZ	-1,y:POS_U[+2]	-1, 3
2	-1, 4:TO	-1,y:POS_U[+2]	-1, 4
1	-1, 4:VB	-1,y:POS_U[+2]	-1, 4
1	-1, 4:VBN	-1,y:POS_U[+2]	-1, 4
4	-1, 5:DT	-1,y:POS_U[+2]	-1, 5
2	-1, 5:JJ	-1,y:POS_U[+2]	-1, 5
2	-1, 5:NN	-1,y:POS_U[+2]	-1, 5
1	-1, 5:TO	-1,y:POS_U[+2]	-1, 5
3	-1, 5:VB	-1,y:POS_U[+2]	-1, 5
1	-1, 6:NNS	-1,y:POS_U[+2]	-1, 6
2	-1, 7:DT	-1,y:POS_U[+2]	-1, 7
1	-1, 7:IN	-1,y:POS_U[+2]	-1, 7
1	-1, 7:TO	-1,y:POS_U[+2]	-1, 7
1	-1, 8:NN	-1,y:POS_U[+2]	-1, 8
1	0, 1:DT	prev_y,y:POS_U[+2]	0, 1
2	0, 7:DT	prev_y,y:POS_U[+2]	0, 7
1	1, 1:VB	prev_y,y:POS_U[+2]	1, 1
2	1, 2:JJ	prev_y,y:POS_U[+2]	1, 2
1	1, 2:NN	prev_y,y:POS_U[+2]	1, 2
3	1, 3:.	prev_y,y:POS_U[+2]	1, 3
2	1, 3:IN	prev_y,y:POS_U[+2]	1, 3
4	1, 3:NN	prev_y,y:POS_U[+2]	1, 3
3	1, 3:NNP	prev_y,y:POS_U[+2]	1, 3
1	1, 3:POS	prev_y,y:POS_U[+2]	1, 3
1	1, 3:RB	prev_y,y:POS_U[+2]	1, 3
2	1, 3:TO	prev_y,y:POS_U[+2]	1, 3
2	1, 3:VBN	prev_y,y:POS_U[+2]	1, 3
1	1, 7:IN	prev_y,y:POS_U[+2]	1, 7
1	1, 7:TO	prev_y,y:POS_U[+2]	1, 7
1	2, 1:,	prev_y,y:POS_U[+2]	2, 1
2	2, 1:DT	prev_y,y:POS_U[+2]	2, 1
3	2, 1:JJ	prev_y,y:POS_U[+2]	2, 1
2	2, 1:NN	prev_y,y:POS_U[+2]	2, 1
3	2, 1:NNP	prev_y,y:POS_U[+2]	2, 1
1	2, 1:VBZ	prev_y,y:POS_U[+2]	2, 1
2	3, 1:NN	prev_y,y:POS_U[+2]	3, 1
1	3, 1:NNS	prev_y,y:POS_U[+2]	3, 1
2	3, 1:POS	prev_y,y:POS_U[+2]	3, 1
1	3, 2:,	prev_y,y:POS_U[+2]	3, 2
1	3, 2:CC	prev_y,y:POS_U[+2]	3, 2
2	3, 2:IN	prev_y,y:POS_U[+2]	3, 2
2	3, 2:NN	prev_y,y:POS_U[+2]	3, 2
2	3, 3:DT	prev_y,y:POS_U[+2]	3, 3
1	3, 3:JJ	prev_y,y:POS_U[+2]	3, 3
1	3, 3:NN	prev_y,y:POS_U[+2]	3, 3
1	3, 3:NNP	prev_y,y:POS_U[+2]	3, 3
2	3, 3:VBN	prev_y,y:POS_U[+2]	3, 3
2	3, 3:VBZ	prev_y,y:POS_U[+2]	3, 3
2	3, 4:TO	prev_y,y:POS_U[+2]	3, 4
1	3, 4:VBN	prev_y,y:POS_U[+2]	3, 4
1	3, 6:NNS	prev_y,y:POS_U[+2]	3, 6
1	4, 5:DT	prev_y,y:POS_U[+2]	4, 5
1	4, 5:TO	prev_y,y:POS_U[+2]	4, 5
2	4, 5:VB	prev_y,y:POS_U[+2]	4, 5
2	5, 1:IN	prev_y,y:POS_U[+2]	5, 1
2	5, 1:NN	prev_y,y:POS_U[+2]	5, 1
3	5, 5:DT	prev_y,y:POS_U[+2]	5, 5
2	5, 5:JJ	prev_y,y:POS_U[+2]	5, 5
2	5, 5:NN	prev_y,y:POS_U[+2]	5, 5
1	5, 5:VB	prev_y,y:POS_U[+2]	5, 5
1	6, 1:IN	prev_y,y:POS_U[+2]	6, 1
2	7, 2:NNP	prev_y,y:POS_U[+2]	7, 2
1	7, 4:VB	prev_y,y:POS_U[+2]	7, 4
1	7, 8:NN	prev_y,y:POS_U[+2]	7, 8
1	8, 2:NN	prev_y,y:POS_U[+2]	8, 2
1	-1, 1:, JJ	-1,y:POS_B[+1]	-1, 1
1	-1, 1:, VB	-1,y:POS_B[+1]	-1, 1
1	-1, 1:CC NNP	-1,y:POS_B[+1]	-1, 1
3	-1, 1:IN DT	-1,y:POS_B[+1]	-1, 1
4	-1, 1:JJ NN	-1,y:POS_B[+1]	-1, 1
1	-1, 1:JJ NNS	-1,y:POS_B[+1]	-1, 1
1	-1, 1:NN ,	-1,y:POS_B[+1]	-1, 1
2	-1, 1:NN IN	-1,y:POS_B[+1]	-1, 1
2	-1, 1:NN JJ	-1,y:POS_B[+1]	-1, 1
1	-1, 1:NN VBZ	-1,y:POS_B[+1]	-1, 1
2	-1, 1:NNP NNP	-1,y:POS_B[+1]	-1, 1
2	-1, 1:NNP POS	-1,y:POS_B[+1]	-1, 1
1	-1, 1:NNS IN	-1,y:POS_B[+1]	-1, 1
2	-1, 1:VBN NN	-1,y:POS_B[+1]	-1, 1
2	-1, 2:DT JJ	-1,y:POS_B[+1]	-1, 2
3	-1, 2:DT NN	-1,y:POS_B[+1]	-1, 2
2	-1, 2:DT NNP	-1,y:POS_B[+1]	-1, 2
2	-1, 2:NN IN	-1,y:POS_B[+1]	-1, 2
1	-1, 2:NN NN	-1,y:POS_B[+1]	-1, 2
1	-1, 2:NNP ,	-1,y:POS_B[+1]	-1, 2
1	-1, 2:NNP CC	-1,y:POS_B[+1]	-1, 2
3	-1, 3:IN NN	-1,y:POS_B[+1]	-1, 3
2	-1, 3:IN NNP	-1,y:POS_B[+1]	-1, 3
2	-1, 3:JJ NN	-1,y:POS_B[+1]	-1, 3
2	-1, 3:NN .	-1,y:POS_B[+1]	-1, 3
2	-1, 3:NN IN	-1,y:POS_B[+1]	-1, 3
2	-1, 3:NN TO	-1,y:POS_B[+1]	-1, 3
2	-1, 3:NN VBZ	-1,y:POS_B[+1]	-1, 3
2	-1, 3:NNP NNP	-1,y:POS_B[+1]	-1, 3
1	-1, 3:NNP POS	-1,y:POS_B[+1]	-1, 3
1	-1, 3:NNS .	-1,y:POS_B[+1]	-1, 3
1	-1, 3:POS JJ	-1,y:POS_B[+1]	-1, 3
2	-1, 3:POS VBN	-1,y:POS_B[+1]	-1, 3
2	-1, 3:TO DT	-1,y:POS_B[+1]	-1, 3
1	-1, 3:VBZ RB	-1,y:POS_B[+1]	-1, 3
2	-1, 3:VBZ VBN	-1,y:POS_B[+1]	-1, 3
1	-1, 4:RB VBN	-1,y:POS_B[+1]	-1, 4
1	-1, 4:TO VB	-1,y:POS_B[+1]	-1, 4
2	-1, 4:VBN TO	-1,y:POS_B[+1]	-1, 4
2	-1, 5:DT JJ	-1,y:POS_B[+1]	-1, 5
2	-1, 5:DT NN	-1,y:POS_B[+1]	-1, 5
3	-1, 5:TO VB	-1,y:POS_B[+1]	-1, 5
4	-1, 5:VB DT	-1,y:POS_B[+1]	-1, 5
1	-1, 5:VBN TO	-1,y:POS_B[+1]	-1, 5
1	-1, 6:NN NNS	-1,y:POS_B[+1]	-1, 6
2	-1, 7:IN DT	-1,y:POS_B[+1]	-1, 7
1	-1, 7:JJ IN	-1,y:POS_B[+1]	-1, 7
1	-1, 7:VB TO	-1,y:POS_B[+1]	-1, 7
1	-1, 8:IN NN	-1,y:POS_B[+1]	-1, 8
1	0, 1:IN DT	prev_y,y:POS_B[+1]	0, 1
2	0, 7:IN DT	prev_y,y:POS_B[+1]	0, 7
1	1, 1:, VB	prev_y,y:POS_B[+1]	1, 1
2	1, 2:DT JJ	prev_y,y:POS_B[+1]	1, 2
1	1, 2:DT NN	prev_y,y:POS_B[+1]	1, 2
2	1, 3:IN NN	prev_y,y:POS_B[+1]	1, 3
1	1, 3:IN NNP	prev_y,y:POS_B[+1]	1, 3
2	1, 3:JJ NN	prev_y,y:POS_B[+1]	1, 3
2	1, 3:NN .	prev_y,y:POS_B[+1]	1, 3
2	1, 3:NN IN	prev_y,y:POS_B[+1]	1, 3
2	1, 3:NN TO	prev_y,y:POS_B[+1]	1, 3
2	1, 3:NNP NNP	prev_y,y:POS_B[+1]	1, 3
1	1, 3:NNP POS	prev_y,y:POS_B[+1]	1, 3
1	1, 3:NNS .	prev_y,y:POS_B[+1]	1, 3
2	1, 3:POS VBN	prev_y,y:POS_B[+1]	1, 3
1	1, 3:VBZ RB	prev_y,y:POS_B[+1]	1, 3
1	1, 7:JJ IN	prev_y,y:POS_B[+1]	1, 7
1	1, 7:VB TO	prev_y,y:POS_B[+1]	1, 7
1	2, 1:, JJ	prev_y,y:POS_B[+1]	2, 1
1	2, 1:CC NNP	prev_y,y:POS_B[+1]	2, 1
2	2, 1:IN DT	prev_y,y:POS_B[+1]	2, 1
2	2, 1:JJ NN	prev_y,y:POS_B[+1]	2, 1
1	2, 1:NN ,	prev_y,y:POS_B[+1]	2, 1
2	2, 1:NN JJ	prev_y,y:POS_B[+1]	2, 1
1	2, 1:NN VBZ	prev_y,y:POS_B[+1]	2, 1
2	2, 1:NNP NNP	prev_y,y:POS_B[+1]	2, 1
1	3, 1:JJ NNS	prev_y,y:POS_B[+1]	3, 1
2	3, 1:NNP POS	prev_y,y:POS_B[+1]	3, 1
2	3, 1:VBN NN	prev_y,y:POS_B[+1]	3, 1
2	3, 2:DT NN	prev_y,y:POS_B[+1]	3, 2
2	3, 2:NN IN	prev_y,y:POS_B[+1]	3, 2
1	3, 2:NNP ,	prev_y,y:POS_B[+1]	3, 2
1	3, 2:NNP CC	prev_y,y:POS_B[+1]	3, 2
1	3, 3:IN NN	prev_y,y:POS_B[+1]	3, 3
1	3, 3:IN NNP	prev_y,y:POS_B[+1]	3, 3
2	3, 3:NN VBZ	prev_y,y:POS_B[+1]	3, 3
1	3, 3:POS JJ	prev_y,y:POS_B[+1]	3, 3
2	3, 3:TO DT	prev_y,y:POS_B[+1]	3, 3
2	3, 3:VBZ VBN	prev_y,y:POS_B[+1]	3, 3
1	3, 4:RB VBN	prev_y,y:POS_B[+1]	3, 4
2	3, 4:VBN TO	prev_y,y:POS_B[+1]	3, 4
1	3, 6:NN NNS	prev_y,y:POS_B[+1]	3, 6
2	4, 5:TO VB	prev_y,y:POS_B[+1]	4, 5
1	4, 5:VB DT	prev_y,y:POS_B[+1]	4, 5
1	4, 5:VBN TO	prev_y,y:POS_B[+1]	4, 5
2	5, 1:JJ NN	prev_y,y:POS_B[+1]	5, 1
2	5, 1:NN IN	prev_y,y:POS_B[+1]	5, 1
2	5, 5:DT JJ	prev_y,y:POS_B[+1]	5, 5
2	5, 5:DT NN	prev_y,y:POS_B[+1]	5, 5
1	5, 5:TO VB	prev_y,y:POS_B[+1]	5, 5
3	5, 5:VB DT	prev_y,y:POS_B[+1]	5, 5
1	6, 1:NNS IN	prev_y,y:POS_B[+1]	6, 1
2	7, 2:DT NNP	prev_y,y:POS_B[+1]	7, 2
1	7, 4:TO VB	prev_y,y:POS_B[+1]	7, 4
1	7, 8:IN NN	prev_y,y:POS_B[+1]	7, 8
1	8, 2:NN NN	prev_y,y:POS_B[+1]	8, 2
4	-1, 1:DT JJ NN	-1,y:POS_T[0]	-1, 1
2	-1, 1:DT NN IN	-1,y:POS_T[0]	-1, 1
2	-1, 1:DT NN JJ	-1,y:POS_T[0]	-1, 1
1	-1, 1:DT NN VBZ	-1,y:POS_T[0]	-1, 1
2	-1, 1:DT NNP NNP	-1,y:POS_T[0]	-1, 1
1	-1, 1:NN , VB	-1,y:POS_T[0]	-1, 1
3	-1, 1:NN IN DT	-1,y:POS_T[0]	-1, 1
1	-1, 1:NN NN ,	-1,y:POS_T[0]	-1, 1
1	-1, 1:NN NNS IN	-1,y:POS_T[0]	-1, 1
1	-1, 1:NNP , JJ	-1,y:POS_T[0]	-1, 1
1	-1, 1:NNP CC NNP	-1,y:POS_T[0]	-1, 1
2	-1, 1:NNP NNP POS	-1,y:POS_T[0]	-1, 1
1	-1, 1:POS JJ NNS	-1,y:POS_T[0]	-1, 1
2	-1, 1:POS VBN NN	-1,y:POS_T[0]	-1, 1
2	-1, 2:IN DT JJ	-1,y:POS_T[0]	-1, 2
1	-1, 2:IN DT NN	-1,y:POS_T[0]	-1, 2
2	-1, 2:IN DT NNP	-1,y:POS_T[0]	-1, 2
2	-1, 2:IN NN IN	-1,y:POS_T[0]	-1, 2
1	-1, 2:IN NN NN	-1,y:POS_T[0]	-1, 2
1	-1, 2:IN NNP ,	-1,y:POS_T[0]	-1, 2
1	-1, 2:IN NNP CC	-1,y:POS_T[0]	-1, 2
2	-1, 2:TO DT NN	-1,y:POS_T[0]	-1, 2
1	-1, 3:CC NNP POS	-1,y:POS_T[0]	-1, 3
2	-1, 3:JJ NN .	-1,y:POS_T[0]	-1, 3
2	-1, 3:JJ NN IN	-1,y:POS_T[0]	-1, 3
2	-1, 3:JJ NN VBZ	-1,y:POS_T[0]	-1, 3
1	-1, 3:JJ NNS .	-1,y:POS_T[0]	-1, 3
3	-1, 3:NN IN NN	-1,y:POS_T[0]	-1, 3
1	-1, 3:NN IN NNP	-1,y:POS_T[0]	-1, 3
2	-1, 3:NN JJ NN	-1,y:POS_T[0]	-1, 3
2	-1, 3:NN TO DT	-1,y:POS_T[0]	-1, 3
1	-1, 3:NN VBZ RB	-1,y:POS_T[0]	-1, 3
2	-1, 3:NN VBZ VBN	-1,y:POS_T[0]	-1, 3
2	-1, 3:NNP NNP NNP	-1,y:POS_T[0]	-1, 3
1	-1, 3:NNP POS JJ	-1,y:POS_T[0]	-1, 3
2	-1, 3:NNP POS VBN	-1,y:POS_T[0]	-1, 3
1	-1, 3:NNS IN NNP	-1,y:POS_T[0]	-1, 3
2	-1, 3:VBN NN TO	-1,y:POS_T[0]	-1, 3
1	-1, 4:VB TO VB	-1,y:POS_T[0]	-1, 4
1	-1, 4:VBZ RB VBN	-1,y:POS_T[0]	-1, 4
2	-1, 4:VBZ VBN TO	-1,y:POS_T[0]	-1, 4
1	-1, 5:RB VBN TO	-1,y:POS_T[0]	-1, 5
4	-1, 5:TO VB DT	-1,y:POS_T[0]	-1, 5
2	-1, 5:VB DT JJ	-1,y:POS_T[0]	-1, 5
2	-1, 5:VB DT NN	-1,y:POS_T[0]	-1, 5
3	-1, 5:VBN TO VB	-1,y:POS_T[0]	-1, 5
1	-1, 6:IN NN NNS	-1,y:POS_T[0]	-1, 6
1	-1, 7:, JJ IN	-1,y:POS_T[0]	-1, 7
1	-1, 7:, VB TO	-1,y:POS_T[0]	-1, 7
2	-1, 7:NNP IN DT	-1,y:POS_T[0]	-1, 7
1	-1, 8:JJ IN NN	-1,y:POS_T[0]	-1, 8
1	0, 1:NN IN DT	prev_y,y:POS_T[0]	0, 1
2	0, 7:NNP IN DT	prev_y,y:POS_T[0]	0, 7
1	1, 1:NN , VB	prev_y,y:POS_T[0]	1, 1
2	1, 2:IN DT JJ	prev_y,y:POS_T[0]	1, 2
1	1, 2:IN DT NN	prev_y,y:POS_T[0]	1, 2
1	1, 3:CC NNP POS	prev_y,y:POS_T[0]	1, 3
2	1, 3:JJ NN .	prev_y,y:POS_T[0]	1, 3
2	1, 3:JJ NN IN	prev_y,y:POS_T[0]	1, 3
1	1, 3:JJ NNS .	prev_y,y:POS_T[0]	1, 3
2	1, 3:NN IN NN	prev_y,y:POS_T[0]	1, 3
2	1, 3:NN JJ NN	prev_y,y:POS_T[0]	1, 3
1	1, 3:NN VBZ RB	prev_y,y:POS_T[0]	1, 3
2	1, 3:NNP NNP NNP	prev_y,y:POS_T[0]	1, 3
2	1, 3:NNP POS VBN	prev_y,y:POS_T[0]	1, 3
1	1, 3:NNS IN NNP	prev_y,y:POS_T[0]	1, 3
2	1, 3:VBN NN TO	prev_y,y:POS_T[0]	1, 3
1	1, 7:, JJ IN	prev_y,y:POS_T[0]	1, 7
1	1, 7:, VB TO	prev_y,y:POS_T[0]	1, 7
2	2, 1:DT JJ NN	prev_y,y:POS_T[0]	2, 1
2	2, 1:DT NN JJ	prev_y,y:POS_T[0]	2, 1
1	2, 1:DT NN VBZ	prev_y,y:POS_T[0]	2, 1
2	2, 1:DT NNP NNP	prev_y,y:POS_T[0]	2, 1
2	2, 1:NN IN DT	prev_y,y:POS_T[0]	2, 1
1	2, 1:NN NN ,	prev_y,y:POS_T[0]	2, 1
1	2, 1:NNP , JJ	prev_y,y:POS_T[0]	2, 1
1	2, 1:NNP CC NNP	prev_y,y:POS_T[0]	2, 1
2	3, 1:NNP NNP POS	prev_y,y:POS_T[0]	3, 1
1	3, 1:POS JJ NNS	prev_y,y:POS_T[0]	3, 1
2	3, 1:POS VBN NN	prev_y,y:POS_T[0]	3, 1
2	3, 2:IN NN IN	prev_y,y:POS_T[0]	3, 2
1	3, 2:IN NNP ,	prev_y,y:POS_T[0]	3, 2
1	3, 2:IN NNP CC	prev_y,y:POS_T[0]	3, 2
2	3, 2:TO DT NN	prev_y,y:POS_T[0]	3, 2
2	3, 3:JJ NN VBZ	prev_y,y:POS_T[0]	3, 3
1	3, 3:NN IN NN	prev_y,y:POS_T[0]	3, 3
1	3, 3:NN IN NNP	prev_y,y:POS_T[0]	3, 3
2	3, 3:NN TO DT	prev_y,y:POS_T[0]	3, 3
2	3, 3:NN VBZ VBN	prev_y,y:POS_T[0]	3, 3
1	3, 3:NNP POS JJ	prev_y,y:POS_T[0]	3, 3
1	3, 4:VBZ RB VBN	prev_y,y:POS_T[0]	3, 4
2	3, 4:VBZ VBN TO	prev_y,y:POS_T[0]	3, 4
1	3, 6:IN NN NNS	prev_y,y:POS_T[0]	3, 6
1	4, 5:RB VBN TO	prev_y,y:POS_T[0]	4, 5
1	4, 5:TO VB DT	prev_y,y:POS_T[0]	4, 5
2	4, 5:VBN TO VB	prev_y,y:POS_T[0]	4, 5
2	5, 1:DT JJ NN	prev_y,y:POS_T[0]	5, 1
2	5, 1:DT NN IN	prev_y,y:POS_T[0]	5, 1
3	5, 5:TO VB DT	prev_y,y:POS_T[0]	5, 5
2	5, 5:VB DT JJ	prev_y,y:POS_T[0]	5, 5
2	5, 5:VB DT NN	prev_y,y:POS_T[0]	5, 5
1	5, 5:VBN TO VB	prev_y,y:POS_T[0]	5, 5
1	6, 1:NN NNS IN	prev_y,y:POS_T[0]	6, 1
2	7, 2:IN DT NNP	prev_y,y:POS_T[0]	7, 2
1	7, 4:VB TO VB	prev_y,y:POS_T[0]	7, 4
1	7, 8:JJ IN NN	prev_y,y:POS_T[0]	7, 8
1	8, 2:IN NN NN	prev_y,y:POS_T[0]	8, 2
1	-1, 1:August	-1,y:U[-1]	-1, 1
2	-1, 1:Exchequer	-1,y:U[-1]	-1, 1
2	-1, 1:Lawson	-1,y:U[-1]	-1, 1
2	-1, 1:for	-1,y:U[-1]	-1, 1
1	-1, 1:from	-1,y:U[-1]	-1, 1
1	-1, 1:if	-1,y:U[-1]	-1, 1
3	-1, 1:in	-1,y:U[-1]	-1, 1
2	-1, 1:of	-1,y:U[-1]	-1, 1
2	-1, 1:over	-1,y:U[-1]	-1, 1
2	-1, 1:prevent	-1,y:U[-1]	-1, 1
1	-1, 1:release	-1,y:U[-1]	-1, 1
1	-1, 1:show	-1,y:U[-1]	-1, 1
1	-1, 1:take	-1,y:U[-1]	-1, 1
2	-1, 1:to	-1,y:U[-1]	-1, 1
2	-1, 2:Chancellor	-1,y:U[-1]	-1, 2
1	-1, 2:Confidence	-1,y:U[-1]	-1, 2
2	-1, 2:commitment	-1,y:U[-1]	-1, 2
1	-1, 2:due	-1,y:U[-1]	-1, 2
1	-1, 2:figures	-1,y:U[-1]	-1, 2
2	-1, 2:freefall	-1,y:U[-1]	-1, 2
1	-1, 2:improvement	-1,y:U[-1]	-1, 2
2	-1, 2:sterling	-1,y:U[-1]	-1, 2
3	-1, 3:'s	-1,y:U[-1]	-1, 3
1	-1, 3:July	-1,y:U[-1]	-1, 3
2	-1, 3:Nigel	-1,y:U[-1]	-1, 3
5	-1, 3:a	-1,y:U[-1]	-1, 3
1	-1, 3:and	-1,y:U[-1]	-1, 3
1	-1, 3:another	-1,y:U[-1]	-1, 3
2	-1, 3:firm	-1,y:U[-1]	-1, 3
2	-1, 3:monetary	-1,y:U[-1]	-1, 3
1	-1, 3:near-record	-1,y:U[-1]	-1, 3
2	-1, 3:past	-1,y:U[-1]	-1, 3
2	-1, 3:restated	-1,y:U[-1]	-1, 3
1	-1, 3:sharp	-1,y:U[-1]	-1, 3
1	-1, 3:substantial	-1,y:U[-1]	-1, 3
5	-1, 3:the	-1,y:U[-1]	-1, 3
1	-1, 3:trade	-1,y:U[-1]	-1, 3
1	-1, 4:,	-1,y:U[-1]	-1, 4
2	-1, 4:policy	-1,y:U[-1]	-1, 4
1	-1, 4:pound	-1,y:U[-1]	-1, 4
1	-1, 5:expected	-1,y:U[-1]	-1, 5
1	-1, 5:fail	-1,y:U[-1]	-1, 5
2	-1, 5:has	-1,y:U[-1]	-1, 5
2	-1, 5:helped	-1,y:U[-1]	-1, 5
1	-1, 5:is	-1,y:U[-1]	-1, 5
4	-1, 5:to	-1,y:U[-1]	-1, 5
1	-1, 5:widely	-1,y:U[-1]	-1, 5
1	-1, 6:dive	-1,y:U[-1]	-1, 6
1	-1, 7:September	-1,y:U[-1]	-1, 7
1	-1, 7:deficits	-1,y:U[-1]	-1, 7
1	-1, 7:tomorrow	-1,y:U[-1]	-1, 7
2	-1, 7:week	-1,y:U[-1]	-1, 7
1	-1, 8:,	-1,y:U[-1]	-1, 8
1	1, 1:release	prev_y,y:U[-1]	1, 1
1	1, 2:Confidence	prev_y,y:U[-1]	1, 2
2	1, 2:sterling	prev_y,y:U[-1]	1, 2
3	1, 3:'s	prev_y,y:U[-1]	1, 3
1	1, 3:July	prev_y,y:U[-1]	1, 3
2	1, 3:Nigel	prev_y,y:U[-1]	1, 3
5	1, 3:a	prev_y,y:U[-1]	1, 3
1	1, 3:another	prev_y,y:U[-1]	1, 3
5	1, 3:the	prev_y,y:U[-1]	1, 3
1	1, 3:trade	prev_y,y:U[-1]	1, 3
1	1, 7:September	prev_y,y:U[-1]	1, 7
1	1, 7:tomorrow	prev_y,y:U[-1]	1, 7
2	2, 1:for	prev_y,y:U[-1]	2, 1
1	2, 1:from	prev_y,y:U[-1]	2, 1
3	2, 1:in	prev_y,y:U[-1]	2, 1
2	2, 1:of	prev_y,y:U[-1]	2, 1
2	2, 1:over	prev_y,y:U[-1]	2, 1
2	2, 1:to	prev_y,y:U[-1]	2, 1
1	3, 1:August	prev_y,y:U[-1]	3, 1
2	3, 1:Exchequer	prev_y,y:U[-1]	3, 1
2	3, 1:Lawson	prev_y,y:U[-1]	3, 1
2	3, 2:commitment	prev_y,y:U[-1]	3, 2
1	3, 2:figures	prev_y,y:U[-1]	3, 2
2	3, 2:freefall	prev_y,y:U[-1]	3, 2
1	3, 2:improvement	prev_y,y:U[-1]	3, 2
1	3, 3:and	prev_y,y:U[-1]	3, 3
2	3, 3:firm	prev_y,y:U[-1]	3, 3
2	3, 3:monetary	prev_y,y:U[-1]	3, 3
1	3, 3:near-record	prev_y,y:U[-1]	3, 3
2	3, 3:past	prev_y,y:U[-1]	3, 3
2	3, 3:restated	prev_y,y:U[-1]	3, 3
1	3, 3:sharp	prev_y,y:U[-1]	3, 3
1	3, 3:substantial	prev_y,y:U[-1]	3, 3
2	3, 4:policy	prev_y,y:U[-1]	3, 4
1	3, 4:pound	prev_y,y:U[-1]	3, 4
1	3, 6:dive	prev_y,y:U[-1]	3, 6
1	3, 7:deficits	prev_y,y:U[-1]	3, 7
2	3, 7:week	prev_y,y:U[-1]	3, 7
1	4, 5:fail	prev_y,y:U[-1]	4, 5
2	4, 5:has	prev_y,y:U[-1]	4, 5
1	4, 5:is	prev_y,y:U[-1]	4, 5
2	5, 1:prevent	prev_y,y:U[-1]	5, 1
1	5, 1:show	prev_y,y:U[-1]	5, 1
1	5, 1:take	prev_y,y:U[-1]	5, 1
1	5, 5:expected	prev_y,y:U[-1]	5, 5
2	5, 5:helped	prev_y,y:U[-1]	5, 5
4	5, 5:to	prev_y,y:U[-1]	5, 5
1	5, 5:widely	prev_y,y:U[-1]	5, 5
1	6, 1:if	prev_y,y:U[-1]	6, 1
2	7, 2:Chancellor	prev_y,y:U[-1]	7, 2
1	7, 4:,	prev_y,y:U[-1]	7, 4
1	7, 8:,	prev_y,y:U[-1]	7, 8
1	8, 2:due	prev_y,y:U[-1]	8, 2
1	-1, 1:August 's	-1,y:B[-1]	-1, 1
2	-1, 1:Exchequer Nigel	-1,y:B[-1]	-1, 1
2	-1, 1:Lawson 's	-1,y:B[-1]	-1, 1
1	-1, 1:for September	-1,y:B[-1]	-1, 1
1	-1, 1:for release	-1,y:B[-1]	-1, 1
1	-1, 1:from July	-1,y:B[-1]	-1, 1
1	-1, 1:if trade	-1,y:B[-1]	-1, 1
2	-1, 1:in sterling	-1,y:B[-1]	-1, 1
1	-1, 1:in the	-1,y:B[-1]	-1, 1
2	-1, 1:of the	-1,y:B[-1]	-1, 1
2	-1, 1:over the	-1,y:B[-1]	-1, 1
2	-1, 1:prevent a	-1,y:B[-1]	-1, 1
1	-1, 1:release tomorrow	-1,y:B[-1]	-1, 1
1	-1, 1:show a	-1,y:B[-1]	-1, 1
1	-1, 1:take another	-1,y:B[-1]	-1, 1
2	-1, 1:to a	-1,y:B[-1]	-1, 1
2	-1, 2:Chancellor of	-1,y:B[-1]	-1, 2
1	-1, 2:Confidence in	-1,y:B[-1]	-1, 2
2	-1, 2:commitment to	-1,y:B[-1]	-1, 2
1	-1, 2:due for	-1,y:B[-1]	-1, 2
1	-1, 2:figures for	-1,y:B[-1]	-1, 2
2	-1, 2:freefall in	-1,y:B[-1]	-1, 2
1	-1, 2:improvement from	-1,y:B[-1]	-1, 2
2	-1, 2:sterling over	-1,y:B[-1]	-1, 2
1	-1, 3:'s near-record	-1,y:B[-1]	-1, 3
2	-1, 3:'s restated	-1,y:B[-1]	-1, 3
1	-1, 3:July and	-1,y:B[-1]	-1, 3
2	-1, 3:Nigel Lawson	-1,y:B[-1]	-1, 3
2	-1, 3:a firm	-1,y:B[-1]	-1, 3
2	-1, 3:a freefall	-1,y:B[-1]	-1, 3
1	-1, 3:a substantial	-1,y:B[-1]	-1, 3
1	-1, 3:and August	-1,y:B[-1]	-1, 3
1	-1, 3:another sharp	-1,y:B[-1]	-1, 3
2	-1, 3:firm monetary	-1,y:B[-1]	-1, 3
2	-1, 3:monetary policy	-1,y:B[-1]	-1, 3
1	-1, 3:near-record deficits	-1,y:B[-1]	-1, 3
2	-1, 3:past week	-1,y:B[-1]	-1, 3
2	-1, 3:restated commitment	-1,y:B[-1]	-1, 3
1	-1, 3:sharp dive	-1,y:B[-1]	-1, 3
1	-1, 3:substantial improvement	-1,y:B[-1]	-1, 3
2	-1, 3:the Exchequer	-1,y:B[-1]	-1, 3
2	-1, 3:the past	-1,y:B[-1]	-1, 3
1	-1, 3:the pound	-1,y:B[-1]	-1, 3
1	-1, 3:trade figures	-1,y:B[-1]	-1, 3
1	-1, 4:, fail	-1,y:B[-1]	-1, 4
2	-1, 4:policy has	-1,y:B[-1]	-1, 4
1	-1, 4:pound is	-1,y:B[-1]	-1, 4
1	-1, 5:expected to	-1,y:B[-1]	-1, 5
1	-1, 5:fail to	-1,y:B[-1]	-1, 5
2	-1, 5:has helped	-1,y:B[-1]	-1, 5
2	-1, 5:helped to	-1,y:B[-1]	-1, 5
1	-1, 5:is widely	-1,y:B[-1]	-1, 5
2	-1, 5:to prevent	-1,y:B[-1]	-1, 5
1	-1, 5:to show	-1,y:B[-1]	-1, 5
1	-1, 5:to take	-1,y:B[-1]	-1, 5
1	-1, 5:widely expected	-1,y:B[-1]	-1, 5
1	-1, 6:dive if	-1,y:B[-1]	-1, 6
1	-1, 7:September ,	-1,y:B[-1]	-1, 7
1	-1, 7:deficits .	-1,y:B[-1]	-1, 7
1	-1, 7:tomorrow ,	-1,y:B[-1]	-1, 7
2	-1, 7:week .	-1,y:B[-1]	-1, 7
1	-1, 8:, due	-1,y:B[-1]	-1, 8
1	1, 1:release tomorrow	prev_y,y:B[-1]	1, 1
1	1, 2:Confidence in	prev_y,y:B[-1]	1, 2
2	1, 2:sterling over	prev_y,y:B[-1]	1, 2
1	1, 3:'s near-record	prev_y,y:B[-1]	1, 3
2	1, 3:'s restated	prev_y,y:B[-1]	1, 3
1	1, 3:July and	prev_y,y:B[-1]	1, 3
2	1, 3:Nigel Lawson	prev_y,y:B[-1]	1, 3
2	1, 3:a firm	prev_y,y:B[-1]	1, 3
2	1, 3:a freefall	prev_y,y:B[-1]	1, 3
1	1, 3:a substantial	prev_y,y:B[-1]	1, 3
1	1, 3:another sharp	prev_y,y:B[-1]	1, 3
2	1, 3:the Exchequer	prev_y,y:B[-1]	1, 3
2	1, 3:the past	prev_y,y:B[-1]	1, 3
1	1, 3:the pound	prev_y,y:B[-1]	1, 3
1	1, 3:trade figures	prev_y,y:B[-1]	1, 3
1	1, 7:September ,	prev_y,y:B[-1]	1, 7
1	1, 7:tomorrow ,	prev_y,y:B[-1]	1, 7
1	2, 1:for September	prev_y,y:B[-1]	2, 1
1	2, 1:for release	prev_y,y:B[-1]	2, 1
1	2, 1:from July	prev_y,y:B[-1]	2, 1
2	2, 1:in sterling	prev_y,y:B[-1]	2, 1
1	2, 1:in the	prev_y,y:B[-1]	2, 1
2	2, 1:of the	prev_y,y:B[-1]	2, 1
2	2, 1:over the	prev_y,y:B[-1]	2, 1
2	2, 1:to a	prev_y,y:B[-1]	2, 1
1	3, 1:August 's	prev_y,y:B[-1]	3, 1
2	3, 1:Exchequer Nigel	prev_y,y:B[-1]	3, 1
2	3, 1:Lawson 's	prev_y,y:B[-1]	3, 1
2	3, 2:commitment to	prev_y,y:B[-1]	3, 2
1	3, 2:figures for	prev_y,y:B[-1]	3, 2
2	3, 2:freefall in	prev_y,y:B[-1]	3, 2
1	3, 2:improvement from	prev_y,y:B[-1]	3, 2
1	3, 3:and August	prev_y,y:B[-1]	3, 3
2	3, 3:firm monetary	prev_y,y:B[-1]	3, 3
2	3, 3:monetary policy	prev_y,y:B[-1]	3, 3
1	3, 3:near-record deficits	prev_y,y:B[-1]	3, 3
2	3, 3:past week	prev_y,y:B[-1]	3, 3
2	3, 3:restated commitment	prev_y,y:B[-1]	3, 3
1	3, 3:sharp dive	prev_y,y:B[-1]	3, 3
1	3, 3:substantial improvement	prev_y,y:B[-1]	3, 3
2	3, 4:policy has	prev_y,y:B[-1]	3, 4
1	3, 4:pound is	prev_y,y:B[-1]	3, 4
1	3, 6:dive if	prev_y,y:B[-1]	3, 6
1	3, 7:deficits .	prev_y,y:B[-1]	3, 7
2	3, 7:week .	prev_y,y:B[-1]	3, 7
1	4, 5:fail to	prev_y,y:B[-1]	4, 5
2	4, 5:has helped	prev_y,y:B[-1]	4, 5
1	4, 5:is widely	prev_y,y:B[-1]	4, 5
2	5, 1:prevent a	prev_y,y:B[-1]	5, 1
1	5, 1:show a	prev_y,y:B[-1]	5, 1
1	5, 1:take another	prev_y,y:B[-1]	5, 1
1	5, 5:expected to	prev_y,y:B[-1]	5, 5
2	5, 5:helped to	prev_y,y:B[-1]	5, 5
2	5, 5:to prevent	prev_y,y:B[-1]	5, 5
1	5, 5:to show	prev_y,y:B[-1]	5, 5
1	5, 5:to take	prev_y,y:B[-1]	5, 5
1	5, 5:widely expected	prev_y,y:B[-1]	5, 5
1	6, 1:if trade	prev_y,y:B[-1]	6, 1
2	7, 2:Chancellor of	prev_y,y:B[-1]	7, 2
1	7, 4:, fail	prev_y,y:B[-1]	7, 4
1	7, 8:, due	prev_y,y:B[-1]	7, 8
1	8, 2:due for	prev_y,y:B[-1]	8, 2
11	-1, 1:IN	-1,y:POS_U[-1]	-1, 1
1	-1, 1:NN	-1,y:POS_U[-1]	-1, 1
5	-1, 1:NNP	-1,y:POS_U[-1]	-1, 1
2	-1, 1:TO	-1,y:POS_U[-1]	-1, 1
4	-1, 1:VB	-1,y:POS_U[-1]	-1, 1
1	-1, 2:JJ	-1,y:POS_U[-1]	-1, 2
8	-1, 2:NN	-1,y:POS_U[-1]	-1, 2
2	-1, 2:NNP	-1,y:POS_U[-1]	-1, 2
1	-1, 2:NNS	-1,y:POS_U[-1]	-1, 2
1	-1, 3:CC	-1,y:POS_U[-1]	-1, 3
11	-1, 3:DT	-1,y:POS_U[-1]	-1, 3
7	-1, 3:JJ	-1,y:POS_U[-1]	-1, 3
3	-1, 3:NN	-1,y:POS_U[-1]	-1, 3
3	-1, 3:NNP	-1,y:POS_U[-1]	-1, 3
3	-1, 3:POS	-1,y:POS_U[-1]	-1, 3
2	-1, 3:VBN	-1,y:POS_U[-1]	-1, 3
1	-1, 4:,	-1,y:POS_U[-1]	-1, 4
3	-1, 4:NN	-1,y:POS_U[-1]	-1, 4
1	-1, 5:RB	-1,y:POS_U[-1]	-1, 5
4	-1, 5:TO	-1,y:POS_U[-1]	-1, 5
1	-1, 5:VB	-1,y:POS_U[-1]	-1, 5
3	-1, 5:VBN	-1,y:POS_U[-1]	-1, 5
3	-1, 5:VBZ	-1,y:POS_U[-1]	-1, 5
1	-1, 6:NN	-1,y:POS_U[-1]	-1, 6
3	-1, 7:NN	-1,y:POS_U[-1]	-1, 7
1	-1, 7:NNP	-1,y:POS_U[-1]	-1, 7
1	-1, 7:NNS	-1,y:POS_U[-1]	-1, 7
1	-1, 8:,	-1,y:POS_U[-1]	-1, 8
1	1, 1:NN	prev_y,y:POS_U[-1]	1, 1
3	1, 2:NN	prev_y,y:POS_U[-1]	1, 2
11	1, 3:DT	prev_y,y:POS_U[-1]	1, 3
1	1, 3:NN	prev_y,y:POS_U[-1]	1, 3
3	1, 3:NNP	prev_y,y:POS_U[-1]	1, 3
3	1, 3:POS	prev_y,y:POS_U[-1]	1, 3
1	1, 7:NN	prev_y,y:POS_U[-1]	1, 7
1	1, 7:NNP	prev_y,y:POS_U[-1]	1, 7
10	2, 1:IN	prev_y,y:POS_U[-1]	2, 1
2	2, 1:TO	prev_y,y:POS_U[-1]	2, 1
5	3, 1:NNP	prev_y,y:POS_U[-1]	3, 1
5	3, 2:NN	prev_y,y:POS_U[-1]	3, 2
1	3, 2:NNS	prev_y,y:POS_U[-1]	3, 2
1	3, 3:CC	prev_y,y:POS_U[-1]	3, 3
7	3, 3:JJ	prev_y,y:POS_U[-1]	3, 3
2	3, 3:NN	prev_y,y:POS_U[-1]	3, 3
2	3, 3:VBN	prev_y,y:POS_U[-1]	3, 3
3	3, 4:NN	prev_y,y:POS_U[-1]	3, 4
1	3, 6:NN	prev_y,y:POS_U[-1]	3, 6
2	3, 7:NN	prev_y,y:POS_U[-1]	3, 7
1	3, 7:NNS	prev_y,y:POS_U[-1]	3, 7
1	4, 5:VB	prev_y,y:POS_U[-1]	4, 5
3	4, 5:VBZ	prev_y,y:POS_U[-1]	4, 5
4	5, 1:VB	prev_y,y:POS_U[-1]	5, 1
1	5, 5:RB	prev_y,y:POS_U[-1]	5, 5
4	5, 5:TO	prev_y,y:POS_U[-1]	5, 5
3	5, 5:VBN	prev_y,y:POS_U[-1]	5, 5
1	6, 1:IN	prev_y,y:POS_U[-1]	6, 1
2	7, 2:NNP	prev_y,y:POS_U[-1]	7, 2
1	7, 4:,	prev_y,y:POS_U[-1]	7, 4
1	7, 8:,	prev_y,y:POS_U[-1]	7, 8
1	8, 2:JJ	prev_y,y:POS_U[-1]	8, 2
5	-1, 1:IN DT	-1,y:POS_B[-1]	-1, 1
4	-1, 1:IN NN	-1,y:POS_B[-1]	-1, 1
2	-1, 1:IN NNP	-1,y:POS_B[-1]	-1, 1
1	-1, 1:NN NN	-1,y:POS_B[-1]	-1, 1
2	-1, 1:NNP NNP	-1,y:POS_B[-1]	-1, 1
3	-1, 1:NNP POS	-1,y:POS_B[-1]	-1, 1
2	-1, 1:TO DT	-1,y:POS_B[-1]	-1, 1
4	-1, 1:VB DT	-1,y:POS_B[-1]	-1, 1
1	-1, 2:JJ IN	-1,y:POS_B[-1]	-1, 2
6	-1, 2:NN IN	-1,y:POS_B[-1]	-1, 2
2	-1, 2:NN TO	-1,y:POS_B[-1]	-1, 2
2	-1, 2:NNP IN	-1,y:POS_B[-1]	-1, 2
1	-1, 2:NNS IN	-1,y:POS_B[-1]	-1, 2
1	-1, 3:CC NNP	-1,y:POS_B[-1]	-1, 3
4	-1, 3:DT JJ	-1,y:POS_B[-1]	-1, 3
5	-1, 3:DT NN	-1,y:POS_B[-1]	-1, 3
2	-1, 3:DT NNP	-1,y:POS_B[-1]	-1, 3
6	-1, 3:JJ NN	-1,y:POS_B[-1]	-1, 3
1	-1, 3:JJ NNS	-1,y:POS_B[-1]	-1, 3
2	-1, 3:NN JJ	-1,y:POS_B[-1]	-1, 3
1	-1, 3:NN NNS	-1,y:POS_B[-1]	-1, 3
1	-1, 3:NNP CC	-1,y:POS_B[-1]	-1, 3
2	-1, 3:NNP NNP	-1,y:POS_B[-1]	-1, 3
1	-1, 3:POS JJ	-1,y:POS_B[-1]	-1, 3
2	-1, 3:POS VBN	-1,y:POS_B[-1]	-1, 3
2	-1, 3:VBN NN	-1,y:POS_B[-1]	-1, 3
1	-1, 4:, VB	-1,y:POS_B[-1]	-1, 4
3	-1, 4:NN VBZ	-1,y:POS_B[-1]	-1, 4
1	-1, 5:RB VBN	-1,y:POS_B[-1]	-1, 5
4	-1, 5:TO VB	-1,y:POS_B[-1]	-1, 5
1	-1, 5:VB TO	-1,y:POS_B[-1]	-1, 5
3	-1, 5:VBN TO	-1,y:POS_B[-1]	-1, 5
1	-1, 5:VBZ RB	-1,y:POS_B[-1]	-1, 5
2	-1, 5:VBZ VBN	-1,y:POS_B[-1]	-1, 5
1	-1, 6:NN IN	-1,y:POS_B[-1]	-1, 6
1	-1, 7:NN ,	-1,y:POS_B[-1]	-1, 7
2	-1, 7:NN .	-1,y:POS_B[-1]	-1, 7
1	-1, 7:NNP ,	-1,y:POS_B[-1]	-1, 7
1	-1, 7:NNS .	-1,y:POS_B[-1]	-1, 7
1	-1, 8:, JJ	-1,y:POS_B[-1]	-1, 8
1	1, 1:NN NN	prev_y,y:POS_B[-1]	1, 1
3	1, 2:NN IN	prev_y,y:POS_B[-1]	1, 2
4	1, 3:DT JJ	prev_y,y:POS_B[-1]	1, 3
5	1, 3:DT NN	prev_y,y:POS_B[-1]	1, 3
2	1, 3:DT NNP	prev_y,y:POS_B[-1]	1, 3
1	1, 3:NN NNS	prev_y,y:POS_B[-1]	1, 3
1	1, 3:NNP CC	prev_y,y:POS_B[-1]	1, 3
2	1, 3:NNP NNP	prev_y,y:POS_B[-1]	1, 3
1	1, 3:POS JJ	prev_y,y:POS_B[-1]	1, 3
2	1, 3:POS VBN	prev_y,y:POS_B[-1]	1, 3
1	1, 7:NN ,	prev_y,y:POS_B[-1]	1, 7
1	1, 7:NNP ,	prev_y,y:POS_B[-1]	1, 7
5	2, 1:IN DT	prev_y,y:POS_B[-1]	2, 1
3	2, 1:IN NN	prev_y,y:POS_B[-1]	2, 1
2	2, 1:IN NNP	prev_y,y:POS_B[-1]	2, 1
2	2, 1:TO DT	prev_y,y:POS_B[-1]	2, 1
2	3, 1:NNP NNP	prev_y,y:POS_B[-1]	3, 1
3	3, 1:NNP POS	prev_y,y:POS_B[-1]	3, 1
3	3, 2:NN IN	prev_y,y:POS_B[-1]	3, 2
2	3, 2:NN TO	prev_y,y:POS_B[-1]	3, 2
1	3, 2:NNS IN	prev_y,y:POS_B[-1]	3, 2
1	3, 3:CC NNP	prev_y,y:POS_B[-1]	3, 3
6	3, 3:JJ NN	prev_y,y:POS_B[-1]	3, 3
1	3, 3:JJ NNS	prev_y,y:POS_B[-1]	3, 3
2	3, 3:NN JJ	prev_y,y:POS_B[-1]	3, 3
2	3, 3:VBN NN	prev_y,y:POS_B[-1]	3, 3
3	3, 4:NN VBZ	prev_y,y:POS_B[-1]	3, 4
1	3, 6:NN IN	prev_y,y:POS_B[-1]	3, 6
2	3, 7:NN .	prev_y,y:POS_B[-1]	3, 7
1	3, 7:NNS .	prev_y,y:POS_B[-1]	3, 7
1	4, 5:VB TO	prev_y,y:POS_B[-1]	4, 5
1	4, 5:VBZ RB	prev_y,y:POS_B[-1]	4, 5
2	4, 5:VBZ VBN	prev_y,y:POS_B[-1]	4, 5
4	5, 1:VB DT	prev_y,y:POS_B[-1]	5, 1
1	5, 5:RB VBN	prev_y,y:POS_B[-1]	5, 5
4	5, 5:TO VB	prev_y,y:POS_B[-1]	5, 5
3	5, 5:VBN TO	prev_y,y:POS_B[-1]	5, 5
1	6, 1:IN NN	prev_y,y:POS_B[-1]	6, 1
2	7, 2:NNP IN	prev_y,y:POS_B[-1]	7, 2
1	7, 4:, VB	prev_y,y:POS_B[-1]	7, 4
1	7, 8:, JJ	prev_y,y:POS_B[-1]	7, 8
1	8, 2:JJ IN	prev_y,y:POS_B[-1]	8, 2
2	-1, 1:IN DT JJ	-1,y:POS_T[-1]	-1, 1
1	-1, 1:IN DT NN	-1,y:POS_T[-1]	-1, 1
2	-1, 1:IN DT NNP	-1,y:POS_T[-1]	-1, 1
2	-1, 1:IN NN IN	-1,y:POS_T[-1]	-1, 1
1	-1, 1:IN NN NN	-1,y:POS_T[-1]	-1, 1
1	-1, 1:IN NN NNS	-1,y:POS_T[-1]	-1, 1
1	-1, 1:IN NNP ,	-1,y:POS_T[-1]	-1, 1
1	-1, 1:IN NNP CC	-1,y:POS_T[-1]	-1, 1
1	-1, 1:NN NN ,	-1,y:POS_T[-1]	-1, 1
2	-1, 1:NNP NNP NNP	-1,y:POS_T[-1]	-1, 1
1	-1, 1:NNP POS JJ	-1,y:POS_T[-1]	-1, 1
2	-1, 1:NNP POS VBN	-1,y:POS_T[-1]	-1, 1
2	-1, 1:TO DT NN	-1,y:POS_T[-1]	-1, 1
2	-1, 1:VB DT JJ	-1,y:POS_T[-1]	-1, 1
2	-1, 1:VB DT NN	-1,y:POS_T[-1]	-1, 1
1	-1, 2:JJ IN NN	-1,y:POS_T[-1]	-1, 2
3	-1, 2:NN IN DT	-1,y:POS_T[-1]	-1, 2
2	-1, 2:NN IN NN	-1,y:POS_T[-1]	-1, 2
1	-1, 2:NN IN NNP	-1,y:POS_T[-1]	-1, 2
2	-1, 2:NN TO DT	-1,y:POS_T[-1]	-1, 2
2	-1, 2:NNP IN DT	-1,y:POS_T[-1]	-1, 2
1	-1, 2:NNS IN NNP	-1,y:POS_T[-1]	-1, 2
1	-1, 3:CC NNP POS	-1,y:POS_T[-1]	-1, 3
4	-1, 3:DT JJ NN	-1,y:POS_T[-1]	-1, 3
2	-1, 3:DT NN IN	-1,y:POS_T[-1]	-1, 3
2	-1, 3:DT NN JJ	-1,y:POS_T[-1]	-1, 3
1	-1, 3:DT NN VBZ	-1,y:POS_T[-1]	-1, 3
2	-1, 3:DT NNP NNP	-1,y:POS_T[-1]	-1, 3
2	-1, 3:JJ NN .	-1,y:POS_T[-1]	-1, 3
2	-1, 3:JJ NN IN	-1,y:POS_T[-1]	-1, 3
2	-1, 3:JJ NN VBZ	-1,y:POS_T[-1]	-1, 3
1	-1, 3:JJ NNS .	-1,y:POS_T[-1]	-1, 3
2	-1, 3:NN JJ NN	-1,y:POS_T[-1]	-1, 3
1	-1, 3:NN NNS IN	-1,y:POS_T[-1]	-1, 3
1	-1, 3:NNP CC NNP	-1,y:POS_T[-1]	-1, 3
2	-1, 3:NNP NNP POS	-1,y:POS_T[-1]	-1, 3
1	-1, 3:POS JJ NNS	-1,y:POS_T[-1]	-1, 3
2	-1, 3:POS VBN NN	-1,y:POS_T[-1]	-1, 3
2	-1, 3:VBN NN TO	-1,y:POS_T[-1]	-1, 3
1	-1, 4:, VB TO	-1,y:POS_T[-1]	-1, 4
1	-1, 4:NN VBZ RB	-1,y:POS_T[-1]	-1, 4
2	-1, 4:NN VBZ VBN	-1,y:POS_T[-1]	-1, 4
1	-1, 5:RB VBN TO	-1,y:POS_T[-1]	-1, 5
4	-1, 5:TO VB DT	-1,y:POS_T[-1]	-1, 5
1	-1, 5:VB TO VB	-1,y:POS_T[-1]	-1, 5
3	-1, 5:VBN TO VB	-1,y:POS_T[-1]	-1, 5
1	-1, 5:VBZ RB VBN	-1,y:POS_T[-1]	-1, 5
2	-1, 5:VBZ VBN TO	-1,y:POS_T[-1]	-1, 5
1	-1, 6:NN IN NN	-1,y:POS_T[-1]	-1, 6
1	-1, 7:NN , VB	-1,y:POS_T[-1]	-1, 7
1	-1, 7:NNP , JJ	-1,y:POS_T[-1]	-1, 7
1	-1, 8:, JJ IN	-1,y:POS_T[-1]	-1, 8
1	1, 1:NN NN ,	prev_y,y:POS_T[-1]	1, 1
3	1, 2:NN IN DT	prev_y,y:POS_T[-1]	1, 2
4	1, 3:DT JJ NN	prev_y,y:POS_T[-1]	1, 3
2	1, 3:DT NN IN	prev_y,y:POS_T[-1]	1, 3
2	1, 3:DT NN JJ	prev_y,y:POS_T[-1]	1, 3
1	1, 3:DT NN VBZ	prev_y,y:POS_T[-1]	1, 3
2	1, 3:DT NNP NNP	prev_y,y:POS_T[-1]	1, 3
1	1, 3:NN NNS IN	prev_y,y:POS_T[-1]	1, 3
1	1, 3:NNP CC NNP	prev_y,y:POS_T[-1]	1, 3
2	1, 3:NNP NNP POS	prev_y,y:POS_T[-1]	1, 3
1	1, 3:POS JJ NNS	prev_y,y:POS_T[-1]	1, 3
2	1, 3:POS VBN NN	prev_y,y:POS_T[-1]	1, 3
1	1, 7:NN , VB	prev_y,y:POS_T[-1]	1, 7
1	1, 7:NNP , JJ	prev_y,y:POS_T[-1]	1, 7
2	2, 1:IN DT JJ	prev_y,y:POS_T[-1]	2, 1
1	2, 1:IN DT NN	prev_y,y:POS_T[-1]	2, 1
2	2, 1:IN DT NNP	prev_y,y:POS_T[-1]	2, 1
2	2, 1:IN NN IN	prev_y,y:POS_T[-1]	2, 1
1	2, 1:IN NN NN	prev_y,y:POS_T[-1]	2, 1
1	2, 1:IN NNP ,	prev_y,y:POS_T[-1]	2, 1
1	2, 1:IN NNP CC	prev_y,y:POS_T[-1]	2, 1
2	2, 1:TO DT NN	prev_y,y:POS_T[-1]	2, 1
2	3, 1:NNP NNP NNP	prev_y,y:POS_T[-1]	3, 1
1	3, 1:NNP POS JJ	prev_y,y:POS_T[-1]	3, 1
2	3, 1:NNP POS VBN	prev_y,y:POS_T[-1]	3, 1
2	3, 2:NN IN NN	prev_y,y:POS_T[-1]	3, 2
1	3, 2:NN IN NNP	prev_y,y:POS_T[-1]	3, 2
2	3, 2:NN TO DT	prev_y,y:POS_T[-1]	3, 2
1	3, 2:NNS IN NNP	prev_y,y:POS_T[-1]	3, 2
1	3, 3:CC NNP POS	prev_y,y:POS_T[-1]	3, 3
2	3, 3:JJ NN .	prev_y,y:POS_T[-1]	3, 3
2	3, 3:JJ NN IN	prev_y,y:POS_T[-1]	3, 3
2	3, 3:JJ NN VBZ	prev_y,y:POS_T[-1]	3, 3
1	3, 3:JJ NNS .	prev_y,y:POS_T[-1]	3, 3
2	3, 3:NN JJ NN	prev_y,y:POS_T[-1]	3, 3
2	3, 3:VBN NN TO	prev_y,y:POS_T[-1]	3, 3
1	3, 4:NN VBZ RB	prev_y,y:POS_T[-1]	3, 4
2	3, 4:NN VBZ VBN	prev_y,y:POS_T[-1]	3, 4
1	3, 6:NN IN NN	prev_y,y:POS_T[-1]	3, 6
1	4, 5:VB TO VB	prev_y,y:POS_T[-1]	4, 5
1	4, 5:VBZ RB VBN	prev_y,y:POS_T[-1]	4, 5
2	4, 5:VBZ VBN TO	prev_y,y:POS_T[-1]	4, 5
2	5, 1:VB DT JJ	prev_y,y:POS_T[-1]	5, 1
2	5, 1:VB DT NN	prev_y,y:POS_T[-1]	5, 1
1	5, 5:RB VBN TO	prev_y,y:POS_T[-1]	5, 5
4	5, 5:TO VB DT	prev_y,y:POS_T[-1]	5, 5
3	5, 5:VBN TO VB	prev_y,y:POS_T[-1]	5, 5
1	6, 1:IN NN NNS	prev_y,y:POS_T[-1]	6, 1
2	7, 2:NNP IN DT	prev_y,y:POS_T[-1]	7, 2
1	7, 4:, VB TO	prev_y,y:POS_T[-1]	7, 4
1	7, 8:, JJ IN	prev_y,y:POS_T[-1]	7, 8
1	8, 2:JJ IN NN	prev_y,y:POS_T[-1]	8, 2
2	-1, 1:Chancellor	-1,y:U[-2]	-1, 1
1	-1, 1:Confidence	-1,y:U[-2]	-1, 1
2	-1, 1:Nigel	-1,y:U[-2]	-1, 1
1	-1, 1:and	-1,y:U[-2]	-1, 1
2	-1, 1:commitment	-1,y:U[-2]	-1, 1
1	-1, 1:dive	-1,y:U[-2]	-1, 1
1	-1, 1:due	-1,y:U[-2]	-1, 1
1	-1, 1:figures	-1,y:U[-2]	-1, 1
1	-1, 1:for	-1,y:U[-2]	-1, 1
2	-1, 1:freefall	-1,y:U[-2]	-1, 1
1	-1, 1:improvement	-1,y:U[-2]	-1, 1
2	-1, 1:sterling	-1,y:U[-2]	-1, 1
2	-1, 1:the	-1,y:U[-2]	-1, 1
4	-1, 1:to	-1,y:U[-2]	-1, 1
1	-1, 2:,	-1,y:U[-2]	-1, 2
2	-1, 2:a	-1,y:U[-2]	-1, 2
2	-1, 2:in	-1,y:U[-2]	-1, 2
2	-1, 2:restated	-1,y:U[-2]	-1, 2
1	-1, 2:substantial	-1,y:U[-2]	-1, 2
1	-1, 2:trade	-1,y:U[-2]	-1, 2
3	-1, 3:'s	-1,y:U[-2]	-1, 3
1	-1, 3:August	-1,y:U[-2]	-1, 3
2	-1, 3:Exchequer	-1,y:U[-2]	-1, 3
1	-1, 3:July	-1,y:U[-2]	-1, 3
2	-1, 3:Lawson	-1,y:U[-2]	-1, 3
3	-1, 3:a	-1,y:U[-2]	-1, 3
1	-1, 3:another	-1,y:U[-2]	-1, 3
2	-1, 3:firm	-1,y:U[-2]	-1, 3
1	-1, 3:from	-1,y:U[-2]	-1, 3
1	-1, 3:if	-1,y:U[-2]	-1, 3
1	-1, 3:in	-1,y:U[-2]	-1, 3
2	-1, 3:of	-1,y:U[-2]	-1, 3
2	-1, 3:over	-1,y:U[-2]	-1, 3
2	-1, 3:prevent	-1,y:U[-2]	-1, 3
1	-1, 3:show	-1,y:U[-2]	-1, 3
1	-1, 3:take	-1,y:U[-2]	-1, 3
2	-1, 3:the	-1,y:U[-2]	-1, 3
2	-1, 3:to	-1,y:U[-2]	-1, 3
2	-1, 4:monetary	-1,y:U[-2]	-1, 4
1	-1, 4:the	-1,y:U[-2]	-1, 4
1	-1, 4:tomorrow	-1,y:U[-2]	-1, 4
1	-1, 5:,	-1,y:U[-2]	-1, 5
1	-1, 5:expected	-1,y:U[-2]	-1, 5
1	-1, 5:fail	-1,y:U[-2]	-1, 5
2	-1, 5:has	-1,y:U[-2]	-1, 5
2	-1, 5:helped	-1,y:U[-2]	-1, 5
1	-1, 5:is	-1,y:U[-2]	-1, 5
2	-1, 5:policy	-1,y:U[-2]	-1, 5
1	-1, 5:pound	-1,y:U[-2]	-1, 5
1	-1, 5:widely	-1,y:U[-2]	-1, 5
1	-1, 6:sharp	-1,y:U[-2]	-1, 6
1	-1, 7:for	-1,y:U[-2]	-1, 7
1	-1, 7:near-record	-1,y:U[-2]	-1, 7
2	-1, 7:past	-1,y:U[-2]	-1, 7
1	-1, 7:release	-1,y:U[-2]	-1, 7
1	-1, 8:September	-1,y:U[-2]	-1, 8
1	1, 1:for	prev_y,y:U[-2]	1, 1
2	1, 2:in	prev_y,y:U[-2]	1, 2
1	1, 3:August	prev_y,y:U[-2]	1, 3
2	1, 3:Exchequer	prev_y,y:U[-2]	1, 3
2	1, 3:Lawson	prev_y,y:U[-2]	1, 3
1	1, 3:from	prev_y,y:U[-2]	1, 3
1	1, 3:if	prev_y,y:U[-2]	1, 3
1	1, 3:in	prev_y,y:U[-2]	1, 3
2	1, 3:of	prev_y,y:U[-2]	1, 3
2	1, 3:over	prev_y,y:U[-2]	1, 3
2	1, 3:prevent	prev_y,y:U[-2]	1, 3
1	1, 3:show	prev_y,y:U[-2]	1, 3
1	1, 3:take	prev_y,y:U[-2]	1, 3
2	1, 3:to	prev_y,y:U[-2]	1, 3
1	1, 7:for	prev_y,y:U[-2]	1, 7
1	1, 7:release	prev_y,y:U[-2]	1, 7
2	2, 1:Chancellor	prev_y,y:U[-2]	2, 1
1	2, 1:Confidence	prev_y,y:U[-2]	2, 1
2	2, 1:commitment	prev_y,y:U[-2]	2, 1
1	2, 1:due	prev_y,y:U[-2]	2, 1
1	2, 1:figures	prev_y,y:U[-2]	2, 1
2	2, 1:freefall	prev_y,y:U[-2]	2, 1
1	2, 1:improvement	prev_y,y:U[-2]	2, 1
2	2, 1:sterling	prev_y,y:U[-2]	2, 1
2	3, 1:Nigel	prev_y,y:U[-2]	3, 1
1	3, 1:and	prev_y,y:U[-2]	3, 1
2	3, 1:the	prev_y,y:U[-2]	3, 1
2	3, 2:a	prev_y,y:U[-2]	3, 2
2	3, 2:restated	prev_y,y:U[-2]	3, 2
1	3, 2:substantial	prev_y,y:U[-2]	3, 2
1	3, 2:trade	prev_y,y:U[-2]	3, 2
3	3, 3:'s	prev_y,y:U[-2]	3, 3
1	3, 3:July	prev_y,y:U[-2]	3, 3
3	3, 3:a	prev_y,y:U[-2]	3, 3
1	3, 3:another	prev_y,y:U[-2]	3, 3
2	3, 3:firm	prev_y,y:U[-2]	3, 3
2	3, 3:the	prev_y,y:U[-2]	3, 3
2	3, 4:monetary	prev_y,y:U[-2]	3, 4
1	3, 4:the	prev_y,y:U[-2]	3, 4
1	3, 6:sharp	prev_y,y:U[-2]	3, 6
1	3, 7:near-record	prev_y,y:U[-2]	3, 7
2	3, 7:past	prev_y,y:U[-2]	3, 7
1	4, 5:,	prev_y,y:U[-2]	4, 5
2	4, 5:policy	prev_y,y:U[-2]	4, 5
1	4, 5:pound	prev_y,y:U[-2]	4, 5
4	5, 1:to	prev_y,y:U[-2]	5, 1
1	5, 5:expected	prev_y,y:U[-2]	5, 5
1	5, 5:fail	prev_y,y:U[-2]	5, 5
2	5, 5:has	prev_y,y:U[-2]	5, 5
2	5, 5:helped	prev_y,y:U[-2]	5, 5
1	5, 5:is	prev_y,y:U[-2]	5, 5
1	5, 5:widely	prev_y,y:U[-2]	5, 5
1	6, 1:dive	prev_y,y:U[-2]	6, 1
1	7, 4:tomorrow	prev_y,y:U[-2]	7, 4
1	7, 8:September	prev_y,y:U[-2]	7, 8
1	8, 2:,	prev_y,y:U[-2]	8, 2
1	-1, 1:CC	-1,y:POS_U[-2]	-1, 1
2	-1, 1:DT	-1,y:POS_U[-2]	-1, 1
1	-1, 1:IN	-1,y:POS_U[-2]	-1, 1
1	-1, 1:JJ	-1,y:POS_U[-2]	-1, 1
9	-1, 1:NN	-1,y:POS_U[-2]	-1, 1
4	-1, 1:NNP	-1,y:POS_U[-2]	-1, 1
1	-1, 1:NNS	-1,y:POS_U[-2]	-1, 1
4	-1, 1:TO	-1,y:POS_U[-2]	-1, 1
1	-1, 2:,	-1,y:POS_U[-2]	-1, 2
2	-1, 2:DT	-1,y:POS_U[-2]	-1, 2
2	-1, 2:IN	-1,y:POS_U[-2]	-1, 2
1	-1, 2:JJ	-1,y:POS_U[-2]	-1, 2
1	-1, 2:NN	-1,y:POS_U[-2]	-1, 2
2	-1, 2:VBN	-1,y:POS_U[-2]	-1, 2
6	-1, 3:DT	-1,y:POS_U[-2]	-1, 3
7	-1, 3:IN	-1,y:POS_U[-2]	-1, 3
2	-1, 3:NN	-1,y:POS_U[-2]	-1, 3
6	-1, 3:NNP	-1,y:POS_U[-2]	-1, 3
3	-1, 3:POS	-1,y:POS_U[-2]	-1, 3
2	-1, 3:TO	-1,y:POS_U[-2]	-1, 3
4	-1, 3:VB	-1,y:POS_U[-2]	-1, 3
1	-1, 4:DT	-1,y:POS_U[-2]	-1, 4
2	-1, 4:JJ	-1,y:POS_U[-2]	-1, 4
1	-1, 4:NN	-1,y:POS_U[-2]	-1, 4
1	-1, 5:,	-1,y:POS_U[-2]	-1, 5
3	-1, 5:NN	-1,y:POS_U[-2]	-1, 5
1	-1, 5:RB	-1,y:POS_U[-2]	-1, 5
1	-1, 5:VB	-1,y:POS_U[-2]	-1, 5
3	-1, 5:VBN	-1,y:POS_U[-2]	-1, 5
3	-1, 5:VBZ	-1,y:POS_U[-2]	-1, 5
1	-1, 6:JJ	-1,y:POS_U[-2]	-1, 6
1	-1, 7:IN	-1,y:POS_U[-2]	-1, 7
3	-1, 7:JJ	-1,y:POS_U[-2]	-1, 7
1	-1, 7:NN	-1,y:POS_U[-2]	-1, 7
1	-1, 8:NNP	-1,y:POS_U[-2]	-1, 8
1	1, 1:IN	prev_y,y:POS_U[-2]	1, 1
2	1, 2:IN	prev_y,y:POS_U[-2]	1, 2
7	1, 3:IN	prev_y,y:POS_U[-2]	1, 3
5	1, 3:NNP	prev_y,y:POS_U[-2]	1, 3
2	1, 3:TO	prev_y,y:POS_U[-2]	1, 3
4	1, 3:VB	prev_y,y:POS_U[-2]	1, 3
1	1, 7:IN	prev_y,y:POS_U[-2]	1, 7
1	1, 7:NN	prev_y,y:POS_U[-2]	1, 7
1	2, 1:JJ	prev_y,y:POS_U[-2]	2, 1
8	2, 1:NN	prev_y,y:POS_U[-2]	2, 1
2	2, 1:NNP	prev_y,y:POS_U[-2]	2, 1
1	2, 1:NNS	prev_y,y:POS_U[-2]	2, 1
1	3, 1:CC	prev_y,y:POS_U[-2]	3, 1
2	3, 1:DT	prev_y,y:POS_U[-2]	3, 1
2	3, 1:NNP	prev_y,y:POS_U[-2]	3, 1
2	3, 2:DT	prev_y,y:POS_U[-2]	3, 2
1	3, 2:JJ	prev_y,y:POS_U[-2]	3, 2
1	3, 2:NN	prev_y,y:POS_U[-2]	3, 2
2	3, 2:VBN	prev_y,y:POS_U[-2]	3, 2
6	3, 3:DT	prev_y,y:POS_U[-2]	3, 3
2	3, 3:NN	prev_y,y:POS_U[-2]	3, 3
1	3, 3:NNP	prev_y,y:POS_U[-2]	3, 3
3	3, 3:POS	prev_y,y:POS_U[-2]	3, 3
1	3, 4:DT	prev_y,y:POS_U[-2]	3, 4
2	3, 4:JJ	prev_y,y:POS_U[-2]	3, 4
1	3, 6:JJ	prev_y,y:POS_U[-2]	3, 6
3	3, 7:JJ	prev_y,y:POS_U[-2]	3, 7
1	4, 5:,	prev_y,y:POS_U[-2]	4, 5
3	4, 5:NN	prev_y,y:POS_U[-2]	4, 5
4	5, 1:TO	prev_y,y:POS_U[-2]	5, 1
1	5, 5:RB	prev_y,y:POS_U[-2]	5, 5
1	5, 5:VB	prev_y,y:POS_U[-2]	5, 5
3	5, 5:VBN	prev_y,y:POS_U[-2]	5, 5
3	5, 5:VBZ	prev_y,y:POS_U[-2]	5, 5
1	6, 1:NN	prev_y,y:POS_U[-2]	6, 1
1	7, 4:NN	prev_y,y:POS_U[-2]	7, 4
1	7, 8:NNP	prev_y,y:POS_U[-2]	7, 8
1	8, 2:,	prev_y,y:POS_U[-2]	8, 2
1	-1, 1:CC NNP	-1,y:POS_B[-2]	-1, 1
2	-1, 1:DT NNP	-1,y:POS_B[-2]	-1, 1
1	-1, 1:IN NN	-1,y:POS_B[-2]	-1, 1
1	-1, 1:JJ IN	-1,y:POS_B[-2]	-1, 1
7	-1, 1:NN IN	-1,y:POS_B[-2]	-1, 1
2	-1, 1:NN TO	-1,y:POS_B[-2]	-1, 1
2	-1, 1:NNP IN	-1,y:POS_B[-2]	-1, 1
2	-1, 1:NNP NNP	-1,y:POS_B[-2]	-1, 1
1	-1, 1:NNS IN	-1,y:POS_B[-2]	-1, 1
4	-1, 1:TO VB	-1,y:POS_B[-2]	-1, 1
1	-1, 2:, JJ	-1,y:POS_B[-2]	-1, 2
2	-1, 2:DT NN	-1,y:POS_B[-2]	-1, 2
2	-1, 2:IN NN	-1,y:POS_B[-2]	-1, 2
1	-1, 2:JJ NN	-1,y:POS_B[-2]	-1, 2
1	-1, 2:NN NNS	-1,y:POS_B[-2]	-1, 2
2	-1, 2:VBN NN	-1,y:POS_B[-2]	-1, 2
4	-1, 3:DT JJ	-1,y:POS_B[-2]	-1, 3
2	-1, 3:DT NN	-1,y:POS_B[-2]	-1, 3
5	-1, 3:IN DT	-1,y:POS_B[-2]	-1, 3
1	-1, 3:IN NN	-1,y:POS_B[-2]	-1, 3
1	-1, 3:IN NNP	-1,y:POS_B[-2]	-1, 3
2	-1, 3:NN JJ	-1,y:POS_B[-2]	-1, 3
1	-1, 3:NNP CC	-1,y:POS_B[-2]	-1, 3
2	-1, 3:NNP NNP	-1,y:POS_B[-2]	-1, 3
3	-1, 3:NNP POS	-1,y:POS_B[-2]	-1, 3
1	-1, 3:POS JJ	-1,y:POS_B[-2]	-1, 3
2	-1, 3:POS VBN	-1,y:POS_B[-2]	-1, 3
2	-1, 3:TO DT	-1,y:POS_B[-2]	-1, 3
4	-1, 3:VB DT	-1,y:POS_B[-2]	-1, 3
1	-1, 4:DT NN	-1,y:POS_B[-2]	-1, 4
2	-1, 4:JJ NN	-1,y:POS_B[-2]	-1, 4
1	-1, 4:NN ,	-1,y:POS_B[-2]	-1, 4
1	-1, 5:, VB	-1,y:POS_B[-2]	-1, 5
3	-1, 5:NN VBZ	-1,y:POS_B[-2]	-1, 5
1	-1, 5:RB VBN	-1,y:POS_B[-2]	-1, 5
1	-1, 5:VB TO	-1,y:POS_B[-2]	-1, 5
3	-1, 5:VBN TO	-1,y:POS_B[-2]	-1, 5
1	-1, 5:VBZ RB	-1,y:POS_B[-2]	-1, 5
2	-1, 5:VBZ VBN	-1,y:POS_B[-2]	-1, 5
1	-1, 6:JJ NN	-1,y:POS_B[-2]	-1, 6
1	-1, 7:IN NNP	-1,y:POS_B[-2]	-1, 7
2	-1, 7:JJ NN	-1,y:POS_B[-2]	-1, 7
1	-1, 7:JJ NNS	-1,y:POS_B[-2]	-1, 7
1	-1, 7:NN NN	-1,y:POS_B[-2]	-1, 7
1	-1, 8:NNP ,	-1,y:POS_B[-2]	-1, 8
1	1, 1:IN NN	prev_y,y:POS_B[-2]	1, 1
2	1, 2:IN NN	prev_y,y:POS_B[-2]	1, 2
5	1, 3:IN DT	prev_y,y:POS_B[-2]	1, 3
1	1, 3:IN NN	prev_y,y:POS_B[-2]	1, 3
1	1, 3:IN NNP	prev_y,y:POS_B[-2]	1, 3
2	1, 3:NNP NNP	prev_y,y:POS_B[-2]	1, 3
3	1, 3:NNP POS	prev_y,y:POS_B[-2]	1, 3
2	1, 3:TO DT	prev_y,y:POS_B[-2]	1, 3
4	1, 3:VB DT	prev_y,y:POS_B[-2]	1, 3
1	1, 7:IN NNP	prev_y,y:POS_B[-2]	1, 7
1	1, 7:NN NN	prev_y,y:POS_B[-2]	1, 7
1	2, 1:JJ IN	prev_y,y:POS_B[-2]	2, 1
6	2, 1:NN IN	prev_y,y:POS_B[-2]	2, 1
2	2, 1:NN TO	prev_y,y:POS_B[-2]	2, 1
2	2, 1:NNP IN	prev_y,y:POS_B[-2]	2, 1
1	2, 1:NNS IN	prev_y,y:POS_B[-2]	2, 1
1	3, 1:CC NNP	prev_y,y:POS_B[-2]	3, 1
2	3, 1:DT NNP	prev_y,y:POS_B[-2]	3, 1
2	3, 1:NNP NNP	prev_y,y:POS_B[-2]	3, 1
2	3, 2:DT NN	prev_y,y:POS_B[-2]	3, 2
1	3, 2:JJ NN	prev_y,y:POS_B[-2]	3, 2
1	3, 2:NN NNS	prev_y,y:POS_B[-2]	3, 2
2	3, 2:VBN NN	prev_y,y:POS_B[-2]	3, 2
4	3, 3:DT JJ	prev_y,y:POS_B[-2]	3, 3
2	3, 3:DT NN	prev_y,y:POS_B[-2]	3, 3
2	3, 3:NN JJ	prev_y,y:POS_B[-2]	3, 3
1	3, 3:NNP CC	prev_y,y:POS_B[-2]	3, 3
1	3, 3:POS JJ	prev_y,y:POS_B[-2]	3, 3
2	3, 3:POS VBN	prev_y,y:POS_B[-2]	3, 3
1	3, 4:DT NN	prev_y,y:POS_B[-2]	3, 4
2	3, 4:JJ NN	prev_y,y:POS_B[-2]	3, 4
1	3, 6:JJ NN	prev_y,y:POS_B[-2]	3, 6
2	3, 7:JJ NN	prev_y,y:POS_B[-2]	3, 7
1	3, 7:JJ NNS	prev_y,y:POS_B[-2]	3, 7
1	4, 5:, VB	prev_y,y:POS_B[-2]	4, 5
3	4, 5:NN VBZ	prev_y,y:POS_B[-2]	4, 5
4	5, 1:TO VB	prev_y,y:POS_B[-2]	5, 1
1	5, 5:RB VBN	prev_y,y:POS_B[-2]	5, 5
1	5, 5:VB TO	prev_y,y:POS_B[-2]	5, 5
3	5, 5:VBN TO	prev_y,y:POS_B[-2]	5, 5
1	5, 5:VBZ RB	prev_y,y:POS_B[-2]	5, 5
2	5, 5:VBZ VBN	prev_y,y:POS_B[-2]	5, 5
1	6, 1:NN IN	prev_y,y:POS_B[-2]	6, 1
1	7, 4:NN ,	prev_y,y:POS_B[-2]	7, 4
1	7, 8:NNP ,	prev_y,y:POS_B[-2]	7, 8
1	8, 2:, JJ	prev_y,y:POS_B[-2]	8, 2
1	-1, 1:CC NNP POS	-1,y:POS_T[-2]	-1, 1
2	-1, 1:DT NNP NNP	-1,y:POS_T[-2]	-1, 1
1	-1, 1:IN NN NN	-1,y:POS_T[-2]	-1, 1
1	-1, 1:JJ IN NN	-1,y:POS_T[-2]	-1, 1
3	-1, 1:NN IN DT	-1,y:POS_T[-2]	-1, 1
3	-1, 1:NN IN NN	-1,y:POS_T[-2]	-1, 1
1	-1, 1:NN IN NNP	-1,y:POS_T[-2]	-1, 1
2	-1, 1:NN TO DT	-1,y:POS_T[-2]	-1, 1
2	-1, 1:NNP IN DT	-1,y:POS_T[-2]	-1, 1
2	-1, 1:NNP NNP POS	-1,y:POS_T[-2]	-1, 1
1	-1, 1:NNS IN NNP	-1,y:POS_T[-2]	-1, 1
4	-1, 1:TO VB DT	-1,y:POS_T[-2]	-1, 1
1	-1, 2:, JJ IN	-1,y:POS_T[-2]	-1, 2
2	-1, 2:DT NN IN	-1,y:POS_T[-2]	-1, 2
2	-1, 2:IN NN IN	-1,y:POS_T[-2]	-1, 2
1	-1, 2:JJ NN IN	-1,y:POS_T[-2]	-1, 2
1	-1, 2:NN NNS IN	-1,y:POS_T[-2]	-1, 2
2	-1, 2:VBN NN TO	-1,y:POS_T[-2]	-1, 2
4	-1, 3:DT JJ NN	-1,y:POS_T[-2]	-1, 3
2	-1, 3:DT NN JJ	-1,y:POS_T[-2]	-1, 3
2	-1, 3:IN DT JJ	-1,y:POS_T[-2]	-1, 3
1	-1, 3:IN DT NN	-1,y:POS_T[-2]	-1, 3
2	-1, 3:IN DT NNP	-1,y:POS_T[-2]	-1, 3
1	-1, 3:IN NN NNS	-1,y:POS_T[-2]	-1, 3
1	-1, 3:IN NNP CC	-1,y:POS_T[-2]	-1, 3
2	-1, 3:NN JJ NN	-1,y:POS_T[-2]	-1, 3
1	-1, 3:NNP CC NNP	-1,y:POS_T[-2]	-1, 3
2	-1, 3:NNP NNP NNP	-1,y:POS_T[-2]	-1, 3
1	-1, 3:NNP POS JJ	-1,y:POS_T[-2]	-1, 3
2	-1, 3:NNP POS VBN	-1,y:POS_T[-2]	-1, 3
1	-1, 3:POS JJ NNS	-1,y:POS_T[-2]	-1, 3
2	-1, 3:POS VBN NN	-1,y:POS_T[-2]	-1, 3
2	-1, 3:TO DT NN	-1,y:POS_T[-2]	-1, 3
2	-1, 3:VB DT JJ	-1,y:POS_T[-2]	-1, 3
2	-1, 3:VB DT NN	-1,y:POS_T[-2]	-1, 3
1	-1, 4:DT NN VBZ	-1,y:POS_T[-2]	-1, 4
2	-1, 4:JJ NN VBZ	-1,y:POS_T[-2]	-1, 4
1	-1, 4:NN , VB	-1,y:POS_T[-2]	-1, 4
1	-1, 5:, VB TO	-1,y:POS_T[-2]	-1, 5
1	-1, 5:NN VBZ RB	-1,y:POS_T[-2]	-1, 5
2	-1, 5:NN VBZ VBN	-1,y:POS_T[-2]	-1, 5
1	-1, 5:RB VBN TO	-1,y:POS_T[-2]	-1, 5
1	-1, 5:VB TO VB	-1,y:POS_T[-2]	-1, 5
3	-1, 5:VBN TO VB	-1,y:POS_T[-2]	-1, 5
1	-1, 5:VBZ RB VBN	-1,y:POS_T[-2]	-1, 5
2	-1, 5:VBZ VBN TO	-1,y:POS_T[-2]	-1, 5
1	-1, 6:JJ NN IN	-1,y:POS_T[-2]	-1, 6
1	-1, 7:IN NNP ,	-1,y:POS_T[-2]	-1, 7
2	-1, 7:JJ NN .	-1,y:POS_T[-2]	-1, 7
1	-1, 7:JJ NNS .	-1,y:POS_T[-2]	-1, 7
1	-1, 7:NN NN ,	-1,y:POS_T[-2]	-1, 7
1	-1, 8:NNP , JJ	-1,y:POS_T[-2]	-1, 8
1	1, 1:IN NN NN	prev_y,y:POS_T[-2]	1, 1
2	1, 2:IN NN IN	prev_y,y:POS_T[-2]	1, 2
2	1, 3:IN DT JJ	prev_y,y:POS_T[-2]	1, 3
1	1, 3:IN DT NN	prev_y,y:POS_T[-2]	1, 3
2	1, 3:IN DT NNP	prev_y,y:POS_T[-2]	1, 3
1	1, 3:IN NN NNS	prev_y,y:POS_T[-2]	1, 3
1	1, 3:IN NNP CC	prev_y,y:POS_T[-2]	1, 3
2	1, 3:NNP NNP NNP	prev_y,y:POS_T[-2]	1, 3
1	1, 3:NNP POS JJ	prev_y,y:POS_T[-2]	1, 3
2	1, 3:NNP POS VBN	prev_y,y:POS_T[-2]	1, 3
2	1, 3:TO DT NN	prev_y,y:POS_T[-2]	1, 3
2	1, 3:VB DT JJ	prev_y,y:POS_T[-2]	1, 3
2	1, 3:VB DT NN	prev_y,y:POS_T[-2]	1, 3
1	1, 7:IN NNP ,	prev_y,y:POS_T[-2]	1, 7
1	1, 7:NN NN ,	prev_y,y:POS_T[-2]	1, 7
1	2, 1:JJ IN NN	prev_y,y:POS_T[-2]	2, 1
3	2, 1:NN IN DT	prev_y,y:POS_T[-2]	2, 1
2	2, 1:NN IN NN	prev_y,y:POS_T[-2]	2, 1
1	2, 1:NN IN NNP	prev_y,y:POS_T[-2]	2, 1
2	2, 1:NN TO DT	prev_y,y:POS_T[-2]	2, 1
2	2, 1:NNP IN DT	prev_y,y:POS_T[-2]	2, 1
1	2, 1:NNS IN NNP	prev_y,y:POS_T[-2]	2, 1
1	3, 1:CC NNP POS	prev_y,y:POS_T[-2]	3, 1
2	3, 1:DT NNP NNP	prev_y,y:POS_T[-2]	3, 1
2	3, 1:NNP NNP POS	prev_y,y:POS_T[-2]	3, 1
2	3, 2:DT NN IN	prev_y,y:POS_T[-2]	3, 2
1	3, 2:JJ NN IN	prev_y,y:POS_T[-2]	3, 2
1	3, 2:NN NNS IN	prev_y,y:POS_T[-2]	3, 2
2	3, 2:VBN NN TO	prev_y,y:POS_T[-2]	3, 2
4	3, 3:DT JJ NN	prev_y,y:POS_T[-2]	3, 3
2	3, 3:DT NN JJ	prev_y,y:POS_T[-2]	3, 3
2	3, 3:NN JJ NN	prev_y,y:POS_T[-2]	3, 3
1	3, 3:NNP CC NNP	prev_y,y:POS_T[-2]	3, 3
1	3, 3:POS JJ NNS	prev_y,y:POS_T[-2]	3, 3
2	3, 3:POS VBN NN	prev_y,y:POS_T[-2]	3, 3
1	3, 4:DT NN VBZ	prev_y,y:POS_T[-2]	3, 4
2	3, 4:JJ NN VBZ	prev_y,y:POS_T[-2]	3, 4
1	3, 6:JJ NN IN	prev_y,y:POS_T[-2]	3, 6
2	3, 7:JJ NN .	prev_y,y:POS_T[-2]	3, 7
1	3, 7:JJ NNS .	prev_y,y:POS_T[-2]	3, 7
1	4, 5:, VB TO	prev_y,y:POS_T[-2]	4, 5
1	4, 5:NN VBZ RB	prev_y,y:POS_T[-2]	4, 5
2	4, 5:NN VBZ VBN	prev_y,y:POS_T[-2]	4, 5
4	5, 1:TO VB DT	prev_y,y:POS_T[-2]	5, 1
1	5, 5:RB VBN TO	prev_y,y:POS_T[-2]	5, 5
1	5, 5:VB TO VB	prev_y,y:POS_T[-2]	5, 5
3	5, 5:VBN TO VB	prev_y,y:POS_T[-2]	5, 5
1	5, 5:VBZ RB VBN	prev_y,y:POS_T[-2]	5, 5
2	5, 5:VBZ VBN TO	prev_y,y:POS_T[-2]	5, 5
1	6, 1:NN IN NN	prev_y,y:POS_T[-2]	6, 1
1	7, 4:NN , VB	prev_y,y:POS_T[-2]	7, 4
1	7, 8:NNP , JJ	prev_y,y:POS_T[-2]	7, 8
1	8, 2:, JJ IN	prev_y,y:POS_T[-2]	8, 2
